Line: Product Handle,Line: Variant Title,Line: SKU,total_orders,unique_customers,total_revenue,first_sale,last_sale,Status
better-whey,1kg Pack (40 servings) / Cocoa Dinosaur,0724999807937,305,229,22676.11090909091,2024-01-01 00:00:00+08:00,2025-03-13 00:00:00+08:00,draft
better-whey,1kg Pack (40 servings) / Natural (Unflavoured),0724999807890,222,149,17617.9096969697,2024-01-01 00:00:00+08:00,2025-03-13 00:00:00+08:00,draft
prime-whey-isolate,1kg Pack (40 servings) / Natural (Unflavoured),0724999807760,179,104,17381.889393939393,2024-01-03 00:00:00+08:00,2025-02-01 00:00:00+08:00,archived
better-whey,1kg (40 serves) / Cocoa Dinosaur,0724999807937,239,176,15696.938181818183,2024-07-28 00:00:00+08:00,2025-06-04 00:00:00+08:00,draft
better-whey,1KG Pack / Cocoa Dinosaur,0724999807937,112,102,12290.497272727274,2022-09-24 00:00:00+08:00,2022-12-30 00:00:00+08:00,draft
better-whey,1KG Pack / Cocoa Dinosaur,724999807937.0,168,140,12199.844848484849,2023-01-02 00:00:00+08:00,2023-08-02 00:00:00+08:00,draft
better-whey,1kg Pack (40 servings) / Matchawhey,0724999807784,175,135,11669.346363636363,2024-01-01 00:00:00+08:00,2025-01-12 00:00:00+08:00,draft
prime-whey-isolate,1kg Pack (40 servings) / Cocoa Dinosaur,0724999807791,119,87,11025.076363636364,2024-01-09 00:00:00+08:00,2025-05-26 00:00:00+08:00,archived
prime-whey-isolate,Natural (Unflavored) / 1kg,724999807760.0,99,69,11000.54696969697,2023-01-01 00:00:00+08:00,2023-08-03 00:00:00+08:00,archived
better-whey,1kg (40 serves) / Unflavoured,0724999807890,129,91,10330.313333333334,2024-07-28 00:00:00+08:00,2025-06-01 00:00:00+08:00,draft
prime-whey-isolate,1kg Pack (40 servings) / Natural (Unflavoured),724999807760.0,95,63,9331.119090909091,2023-08-05 00:00:00+08:00,2023-12-26 00:00:00+08:00,archived
better-whey,1KG Pack / Matchawhey,724999807784.0,108,93,8652.846060606062,2023-01-02 00:00:00+08:00,2023-08-03 00:00:00+08:00,draft
better-whey,1kg Pack (40 servings) / Cocoa Dinosaur,724999807937.0,116,97,7544.435454545455,2023-08-05 00:00:00+08:00,2023-12-27 00:00:00+08:00,draft
better-whey,1KG Pack / Natural (Unflavored),724999807890.0,80,64,7267.584848484849,2023-01-04 00:00:00+08:00,2023-07-02 00:00:00+08:00,draft
better-whey,1kg Pack (40 servings) / Natural (Unflavoured),724999807890.0,92,73,6740.2300000000005,2023-08-09 00:00:00+08:00,2023-12-26 00:00:00+08:00,draft
better-whey,1KG Pack / Matchawhey,0724999807784,52,51,5607.971212121212,2022-09-23 00:00:00+08:00,2022-12-29 00:00:00+08:00,draft
better-whey,1kg Pack (40 servings) / Matchawhey,724999807784.0,92,79,5544.405151515151,2023-08-08 00:00:00+08:00,2023-12-28 00:00:00+08:00,draft
prime-whey-isolate,1kg Pack (40 servings) / Cocoa Dinosaur,724999807791.0,50,43,5351.287878787879,2023-08-04 00:00:00+08:00,2023-12-27 00:00:00+08:00,archived
prime-whey-isolate,Cocoa Dinosaur / 1kg,724999807791.0,47,39,5229.212424242424,2023-01-01 00:00:00+08:00,2023-07-31 00:00:00+08:00,archived
better-whey,1kg (40 serves) / Matchawhey,0724999807784,88,82,5080.415151515152,2024-07-28 00:00:00+08:00,2024-11-30 00:00:00+08:00,draft
better-whey,1kg (40 servings) / Cocoa Dinosaur,0724999807937,68,54,4947.82,2025-05-08 00:00:00+08:00,2025-07-18 00:00:00+08:00,draft
better-whey,1kg (40 servings) / Unflavoured,0724999807890,64,45,4485.01,2025-05-06 00:00:00+08:00,2025-09-14 00:00:00+08:00,draft
prime-whey-isolate,Cocoa Dinosaur,0724999807791,28,27,3921.2951515151517,2022-09-30 00:00:00+08:00,2022-11-13 00:00:00+08:00,archived
better-whey,500g Pack / Cocoa Dinosaur,724999808897.0,78,72,3816.720909090909,2023-01-04 00:00:00+08:00,2023-08-02 00:00:00+08:00,draft
better-whey,500g (20 servings) / Cocoa Dinosaur,0724999808897,70,58,3664.98,2025-05-14 00:00:00+08:00,2025-08-25 00:00:00+08:00,draft
better-whey,1KG Pack / Vanilla,724999807913.0,47,38,3582.7,2023-01-02 00:00:00+08:00,2023-06-25 00:00:00+08:00,draft
prime-whey-isolate,Matchawhey / 1kg,724999807777.0,29,23,3561.78,2023-01-05 00:00:00+08:00,2023-07-04 00:00:00+08:00,archived
better-whey,1KG Pack / Natural (Unflavoured),0724999807890,29,28,3465.1633333333334,2022-09-22 00:00:00+08:00,2022-12-11 00:00:00+08:00,draft
prime-whey-isolate,Natural (Unflavored),0724999807760,20,19,3272.341515151515,2022-09-30 00:00:00+08:00,2022-11-11 00:00:00+08:00,archived
better-whey,1kg Pack (40 servings) / Mango,0724999807951,40,33,2820.27,2024-01-08 00:00:00+08:00,2024-07-28 00:00:00+08:00,draft
better-whey,1KG Pack / Teh Tarik,724999808422.0,34,27,2785.04,2023-01-11 00:00:00+08:00,2023-07-31 00:00:00+08:00,draft
super-omega-3,60 Softgels (60 servings),0724999807555,69,48,2726.697878787879,2024-01-01 00:00:00+08:00,2025-03-08 00:00:00+08:00,draft
prime-whey-isolate,1KG Pack / Cocoa-dinosaur,0724999807791,8,8,2719.83,2022-09-22 00:00:00+08:00,2022-09-28 00:00:00+08:00,archived
better-whey,500g Pack (20 servings) / Cocoa Dinosaur,0724999808897,73,60,2515.5039393939396,2024-01-01 00:00:00+08:00,2025-03-11 00:00:00+08:00,draft
prime-whey-isolate,1kg Pack (40 servings) / Matchawhey,724999807777.0,20,15,2503.39,2023-08-06 00:00:00+08:00,2023-12-21 00:00:00+08:00,archived
better-whey,500g Pack / Cocoa Dinosaur,0724999808897,52,49,2461.8748484848484,2022-09-26 00:00:00+08:00,2022-12-31 00:00:00+08:00,draft
prime-whey-isolate,Cocoa Dinosaur / 1kg,0724999807791,19,19,2378.287878787879,2022-11-16 00:00:00+08:00,2022-12-31 00:00:00+08:00,archived
better-whey,1KG Pack / Natural (Unflavored),0724999807890,16,15,2336.98,2022-10-08 00:00:00+08:00,2022-12-30 00:00:00+08:00,draft
better-whey,1KG Pack / Vanilla,0724999807913,21,19,2318.3,2022-09-26 00:00:00+08:00,2022-12-26 00:00:00+08:00,draft
better-whey,1kg Pack (40 servings) / Vanilla,0724999807913,32,30,2136.35,2024-01-01 00:00:00+08:00,2024-12-23 00:00:00+08:00,draft
better-whey,500g (20 serves) / Cocoa Dinosaur,0724999808897,58,48,2131.148181818182,2024-07-28 00:00:00+08:00,2025-05-03 00:00:00+08:00,draft
better-whey,1kg Pack (40 servings) / Genmai-Roasted Brown Rice,0724999808736,45,43,2000.28,2024-01-08 00:00:00+08:00,2024-07-28 00:00:00+08:00,draft
super-omega-3,60 Softgels,0724999807555,54,36,1831.4663636363637,2024-11-09 00:00:00+08:00,2025-09-14 00:00:00+08:00,draft
green-tea-extract-capsules,60 Capsules,0724999807548,67,61,1652.658787878788,2022-09-28 00:00:00+08:00,2025-09-14 00:00:00+08:00,draft
super-omega-3,60 Softgels,CAP-OMG-BOTTLE-V1,29,22,1577.85,2025-09-19 00:00:00+08:00,2026-02-23 00:00:00+08:00,draft
better-whey,1kg Pack (40 servings) / Mango,724999807951.0,19,18,1427.3899999999999,2023-08-09 00:00:00+08:00,2023-12-19 00:00:00+08:00,draft
better-whey,500g Pack / Matchawhey,0724999808941,24,23,1363.54,2022-09-25 00:00:00+08:00,2022-12-24 00:00:00+08:00,draft
better-whey,500g Pack (20 servings) / Natural (Unflavoured),0724999808880,26,25,1348.7969696969697,2024-01-16 00:00:00+08:00,2024-08-24 00:00:00+08:00,draft
better-whey,1kg Pack (40 servings) / Vanilla (unsweetened),0724999807913,20,18,1297.84,2024-04-23 00:00:00+08:00,2024-07-16 00:00:00+08:00,draft
prime-whey-isolate,Matchawhey / 1kg,0724999807777,8,8,1258.6,2022-11-25 00:00:00+08:00,2022-12-31 00:00:00+08:00,archived
better-whey,500g Pack / Natural (Unflavored),0724999808880,8,7,1257.2,2022-10-10 00:00:00+08:00,2022-12-30 00:00:00+08:00,draft
better-whey,1kg Pack (40 servings) / Vanilla (Exp Nov23),724999807913.0,22,20,1254.46,2023-08-05 00:00:00+08:00,2023-09-20 00:00:00+08:00,draft
better-whey,500g Pack / Matchawhey,724999808941.0,28,28,1183.6299999999999,2023-01-20 00:00:00+08:00,2023-07-24 00:00:00+08:00,draft
better-whey,1kg Pack (40 servings) / Genmai-Roasted Brown Rice,724999808736.0,17,17,1167.73,2023-10-05 00:00:00+08:00,2023-12-25 00:00:00+08:00,draft
super-omega-3,60 Capsules,724999807555.0,19,14,1145.5969696969696,2023-01-26 00:00:00+08:00,2023-06-18 00:00:00+08:00,draft
better-whey,1kg Pack (40 servings) / Teh Tarik,724999808422.0,19,18,1135.24,2023-08-08 00:00:00+08:00,2023-11-13 00:00:00+08:00,draft
better-whey,500g Pack / Teh Tarik,724999808910.0,23,22,1117.2,2023-01-07 00:00:00+08:00,2023-03-28 00:00:00+08:00,draft
prime-whey-isolate,Natural (Unflavored) / 1kg,0724999807760,12,11,1115.8333333333335,2022-11-16 00:00:00+08:00,2022-12-31 00:00:00+08:00,archived
green-tea-extract-capsules,60 Capsules (60 servings),0724999807548,40,37,1084.678484848485,2024-01-13 00:00:00+08:00,2025-03-03 00:00:00+08:00,draft
better-whey,500g Pack (20 servings) / Cocoa Dinosaur,724999808897.0,28,23,987.1348484848485,2023-08-06 00:00:00+08:00,2023-12-16 00:00:00+08:00,draft
better-whey,1KG Pack / Teh Tarik,0724999808422,11,11,979.76,2022-10-10 00:00:00+08:00,2022-12-26 00:00:00+08:00,draft
better-whey,1kg (40 servings) / Unflavoured,BET-UNF-1KG-V1,11,6,923.4399999999999,2025-09-20 00:00:00+08:00,2025-10-15 00:00:00+08:00,draft
better-whey,500g Pack / Vanilla,724999808903.0,26,25,894.85,2023-01-11 00:00:00+08:00,2023-08-02 00:00:00+08:00,draft
better-whey,1KG Pack / Natural/Unflavored,724999807890.0,12,12,883.8121212121213,2023-07-09 00:00:00+08:00,2023-08-03 00:00:00+08:00,draft
prime-whey-isolate,1KG Pack / Natural (Unflavoured),0724999807760,2,2,799.95,2022-09-25 00:00:00+08:00,2022-09-25 00:00:00+08:00,archived
better-whey,500g Pack / Teh Tarik,0724999808910,15,14,736.54,2022-09-25 00:00:00+08:00,2022-12-13 00:00:00+08:00,draft
better-whey,1KG Pack / Natural / Unflavored,724999807890.0,10,10,706.26,2023-07-08 00:00:00+08:00,2023-07-30 00:00:00+08:00,draft
super-omega-3,60 Softgels (60 servings),724999807555.0,11,10,634.2415151515152,2023-08-22 00:00:00+08:00,2023-12-21 00:00:00+08:00,draft
super-omega-3,60 Capsules,0724999807555,7,7,591.2545454545455,2022-11-09 00:00:00+08:00,2022-12-25 00:00:00+08:00,draft
better-whey,1KG Pack / Teh Tarik,07249998080422,4,4,587.95,2022-09-23 00:00:00+08:00,2022-09-30 00:00:00+08:00,draft
better-whey,500g Pack (20 servings) / Vanilla (unsweetened),0724999808903,16,16,563.62,2024-04-22 00:00:00+08:00,2024-07-12 00:00:00+08:00,draft
better-whey,1KG Pack / Vanilla (Exp Nov23),724999807913.0,12,12,478.79999999999995,2023-07-11 00:00:00+08:00,2023-08-03 00:00:00+08:00,draft
prime-whey-isolate,1KG Pack / Cocoa Dinosaur,0724999807791,3,3,473.92727272727274,2022-09-23 00:00:00+08:00,2022-09-25 00:00:00+08:00,archived
better-whey,500g Pack (20 servings) / Vanilla,0724999808903,12,12,468.5,2024-01-15 00:00:00+08:00,2024-09-30 00:00:00+08:00,draft
better-whey,500g Pack / Natural (Unflavored),724999808880.0,14,14,457.40909090909093,2023-01-06 00:00:00+08:00,2023-06-27 00:00:00+08:00,draft
green-tea-extract-capsules,60 Capsules,724999807548.0,17,15,450.06848484848484,2023-02-05 00:00:00+08:00,2023-07-31 00:00:00+08:00,draft
better-whey,500g Pack / Vanilla,0724999808903,6,6,429.31,2022-09-26 00:00:00+08:00,2022-11-25 00:00:00+08:00,draft
better-whey,1kg Pack (40 servings) / Vanilla (Expiry Sep 2024),0724999807913,5,5,410.32,2024-07-28 00:00:00+08:00,2024-08-04 00:00:00+08:00,draft
better-whey,500g Pack (20 servings) / Vanilla (Expiry Sep 2024),0724999808903,17,17,406.71,2024-07-27 00:00:00+08:00,2024-08-14 00:00:00+08:00,draft
green-tea-extract-capsules,60 Capsules,CAP-GTE-BOTTLE-V1,13,13,374.35,2025-09-20 00:00:00+08:00,2025-11-11 00:00:00+08:00,draft
better-whey,500g (20 serves) / Unflavoured,0724999808880,9,9,348.70303030303035,2024-07-31 00:00:00+08:00,2024-11-30 00:00:00+08:00,draft
better-whey,500g Pack / Natural (Unflavoured),0724999808880,6,6,346.5730303030303,2022-09-25 00:00:00+08:00,2022-11-21 00:00:00+08:00,draft
better-whey,500g Pack / Natural / Unflavored,724999808880.0,1,1,319.2,2023-07-24 00:00:00+08:00,2023-07-24 00:00:00+08:00,draft
better-whey,1KG Pack / Vanilla (Exp Nov 2023),724999807913.0,7,7,286.49,2023-07-04 00:00:00+08:00,2023-07-09 00:00:00+08:00,draft
better-whey,1kg Pack (40 servings) / Vanilla,724999807913.0,2,2,283.02,2023-11-26 00:00:00+08:00,2023-11-27 00:00:00+08:00,draft
better-whey,500g Pack (20 servings) / Matchawhey,0724999808941,7,4,281.26,2024-02-23 00:00:00+08:00,2024-08-09 00:00:00+08:00,draft
better-whey,500g Pack (20 servings) / Natural (Unflavoured),724999808880.0,7,7,255.91212121212124,2023-08-09 00:00:00+08:00,2023-11-24 00:00:00+08:00,draft
better-whey,1kg Pack (40 servings) / Vanilla (Unsweetened),0724999807913,1,1,239.6,2024-08-27 00:00:00+08:00,2024-08-27 00:00:00+08:00,draft
better-whey,500g Pack (20 servings) / Matchawhey,724999808941.0,6,6,225.84,2023-08-20 00:00:00+08:00,2023-09-26 00:00:00+08:00,draft
prime-whey-isolate,1kg Pack (40 servings) / Matchawhey,0724999807777,3,2,203.76,2024-01-08 00:00:00+08:00,2024-05-28 00:00:00+08:00,archived
better-whey,500g Pack (20 servings) / Vanilla,724999808903.0,4,4,159.6,2023-08-08 00:00:00+08:00,2023-12-19 00:00:00+08:00,draft
better-whey,1KG Pack / Honeydew,724999807975.0,1,1,139.8,2023-05-03 00:00:00+08:00,2023-05-03 00:00:00+08:00,draft
green-tea-extract-capsules,60 Capsules (60 servings),724999807548.0,6,5,128.1639393939394,2023-08-31 00:00:00+08:00,2023-12-19 00:00:00+08:00,draft
better-whey,500g Pack / Natural/Unflavored,724999808880.0,4,4,88.52121212121213,2023-07-09 00:00:00+08:00,2023-07-29 00:00:00+08:00,draft
better-whey,1KG Pack / Genmai-Roasted Brown Rice,724999808736.0,1,1,59.9,2023-07-14 00:00:00+08:00,2023-07-14 00:00:00+08:00,draft
better-whey,1KG Pack / Mango,724999807951.0,1,1,59.9,2023-07-05 00:00:00+08:00,2023-07-05 00:00:00+08:00,draft
better-whey,500g Pack / Honeydew,0724999808934,1,1,39.9,2022-11-27 00:00:00+08:00,2022-11-27 00:00:00+08:00,draft
better-whey,500g Pack / Vanilla (Exp Nov 2023),724999808903.0,1,1,39.9,2023-07-01 00:00:00+08:00,2023-07-01 00:00:00+08:00,draft
