first_handle,first_variant,first_sku,flavor_sku,customers,repeat_rate,avg_ltv
clear-protein,500g Pack (20 Serv) / Peach,0724999807814,clear-protein | 500g Pack (20 Serv) / Peach,312,0.30128205128205127,142.62062742812742
clear-protein,500g Pack (20 Serv) / White Grape,0724999807807,clear-protein | 500g Pack (20 Serv) / White Grape,215,0.33488372093023255,134.43220577871742
lushprotein-clear-shaker,White,0724999808361,lushprotein-clear-shaker | White,165,0.20606060606060606,53.95721212121212
lean-protein,1 x 1kg Pack (25 servings) / Thai Milk Tea,LEAN-THA-1KG-V1,lean-protein | 1 x 1kg Pack (25 servings) / Thai Milk Tea,148,0.13513513513513514,129.40804054054053
lean-protein,1kg Pack (25 servings) / Thai Milk Tea,0724999807821,lean-protein | 1kg Pack (25 servings) / Thai Milk Tea,133,0.37593984962406013,149.29795853269536
lushprotein-clear-shaker,White,ACC-SHK-V2,lushprotein-clear-shaker | White,125,0.152,99.57752
clear-protein,1 x 500g Pack (20 servings) / Peach,CLEAR-PEA-500G-V2,clear-protein | 1 x 500g Pack (20 servings) / Peach,121,0.03305785123966942,127.0294214876033
clear-protein,1 x 500g Pack (20 servings) / White Grape,CLEAR-GRA-500G-V2,clear-protein | 1 x 500g Pack (20 servings) / White Grape,118,0.13559322033898305,140.52
micronized-creatine-monohydrate,1 x 250g Pack (50 servings),CRE-UNF-250G-V1,micronized-creatine-monohydrate | 1 x 250g Pack (50 servings),115,0.10434782608695652,86.7126956521739
lean-protein,1 x 1kg Pack (25 servings) / Taro,LEAN-TAR-1KG-V1,lean-protein | 1 x 1kg Pack (25 servings) / Taro,115,0.13043478260869565,114.45921739130435
plant-protein,480g Pack (16 servings) / Cocoa Dinosaur,0724999808606,plant-protein | 480g Pack (16 servings) / Cocoa Dinosaur,76,0.25,70.8967384370016
lushprotein-clear-shaker,40g Sachet / Thai Milk Tea,0724999810463,unknown | 40g Sachet / Thai Milk Tea,75,0.12,30.673333333333332
soy-protein-isolate,1 x 1kg Pack (40 servings) / Unflavoured,SOY-UNF-1KG-V1,soy-protein-isolate | 1 x 1kg Pack (40 servings) / Unflavoured,75,0.10666666666666667,91.67786666666667
soy-protein-isolate,1kg Pack (40 servings) / Natural (Unflavoured),0724999807845,soy-protein-isolate | 1kg Pack (40 servings) / Natural (Unflavoured),60,0.2833333333333333,814.0415909090909
collagen-glow,300g Pack,724999808507.0,collagen-glow | 300g Pack,60,0.4,132.77765151515152
better-whey,1kg Pack (40 servings) / Cocoa Dinosaur,0724999807937,better-whey | 1kg Pack (40 servings) / Cocoa Dinosaur,56,0.23214285714285715,145.2960606060606
collagen-glow,300g Pack (30 servings),0724999808507,collagen-glow | 300g Pack (30 servings),56,0.26785714285714285,130.70267857142858
clear-protein,1 x 500g Pack (20 servings) / Peach,0724999807814,clear-protein | 1 x 500g Pack (20 servings) / Peach,49,0.16326530612244897,156.7808163265306
discovery-sampler,5 Sachets Variety,BND-SS-MIX6-V1,discovery-sampler | 5 Sachets Variety,48,0.0625,41.928333333333335
collagen-glow,1 x 300g pack (30 servings),COL-UNF-300G-V1,collagen-glow | 1 x 300g pack (30 servings),47,0.14893617021276595,175.90723404255317
lean-protein,1 x 1kg Pack (25 servings) / Thai Milk Tea,0724999807821,lean-protein | 1 x 1kg Pack (25 servings) / Thai Milk Tea,46,0.2391304347826087,129.34065217391304
plant-protein,480g Pack (16 servings) / Vanilla,0724999808613,plant-protein | 480g Pack (16 servings) / Vanilla,42,0.2619047619047619,120.24279942279942
lean-protein,40g Sachet (1 serving) / Taro,0724999810470,lean-protein | 40g Sachet (1 serving) / Taro,41,0.12195121951219512,24.382926829268293
clear-protein,500g Pack (20 servings) / Peach,0724999807814,clear-protein | 500g Pack (20 servings) / Peach,37,0.1891891891891892,113.16108108108108
clear-protein-25g-single-sachet,1 x 25g (1 serving) / Peach,CLEAR-PEA-25G-V2,clear-protein-25g-single-sachet | 1 x 25g (1 serving) / Peach,37,0.10810810810810811,58.52054054054054
better-whey,1kg Pack (40 servings) / Natural (Unflavoured),0724999807890,better-whey | 1kg Pack (40 servings) / Natural (Unflavoured),36,0.3611111111111111,157.34328282828284
lean-protein,1 x 1kg Pack (25 servings) / Taro,0724999807822,lean-protein | 1 x 1kg Pack (25 servings) / Taro,34,0.20588235294117646,245.0435294117647
lean-protein,1kg Pack (25 serves) / Thai Milk Tea,0724999807821,lean-protein | 1kg Pack (25 serves) / Thai Milk Tea,34,0.20588235294117646,114.50516934046345
discovery-sampler,6 Sachets Variety,BND-SS-MIX6-V1,discovery-sampler | 6 Sachets Variety,34,0.20588235294117646,96.21558823529412
better-whey,1KG Pack / Cocoa Dinosaur,724999807937.0,better-whey | 1KG Pack / Cocoa Dinosaur,33,0.24242424242424243,114.29674012855831
lean-protein-peach-oolong-pre-order,1 x 1kg Pack (25 servings) / Peach Oolong,LEAN-POL-1KG-V1,lean-protein-peach-oolong-pre-order | 1 x 1kg Pack (25 servings) / Peach Oolong,33,0.09090909090909091,90.08878787878787
clear-protein-25g-single-sachet,1 x 25g (1 serving) / White Grape,CLEAR-GRA-25G-V2,clear-protein-25g-single-sachet | 1 x 25g (1 serving) / White Grape,32,0.09375,44.0134375
collagen-glow,300g Pack (30 servings) / Natural (Unflavoured),0724999808507,collagen-glow | 300g Pack (30 servings) / Natural (Unflavoured),31,0.6451612903225806,216.59384164222874
micronized-creatine-monohydrate,250g (50 servings),0724999807999,micronized-creatine-monohydrate | 250g (50 servings),30,0.36666666666666664,97.40033333333334
lushprotein-lean-protein-40g-single-serve,1 x 40g Sachet (1 serving) / Thai Milk Tea,LEAN-THA-40G-V1,lushprotein-lean-protein-40g-single-serve | 1 x 40g Sachet (1 serving) / Thai Milk Tea,29,0.13793103448275862,79.16310344827586
plant-protein,480g Pack (16 servings) / Cocoa Dinosaur,PLT-CHO-480G-V1,plant-protein | 480g Pack (16 servings) / Cocoa Dinosaur,29,0.20689655172413793,116.93655172413793
better-whey,500g (20 servings) / Cocoa Dinosaur,0724999808897,better-whey | 500g (20 servings) / Cocoa Dinosaur,28,0.03571428571428571,45.29857142857143
lean-protein,1kg Pack (25 serves) / Taro,0724999807708,lean-protein | 1kg Pack (25 serves) / Taro,28,0.39285714285714285,139.61602813852815
prime-whey-isolate,1kg Pack (40 servings) / Natural (Unflavoured),0724999807760,prime-whey-isolate | 1kg Pack (40 servings) / Natural (Unflavoured),28,0.2857142857142857,121.30761904761904
clear-protein,500g Pack (20 servings) / White Grape,0724999807807,clear-protein | 500g Pack (20 servings) / White Grape,28,0.25,194.865
lean-protein,40g Sachet (1 serving) / Thai Milk Tea,0724999810463,lean-protein | 40g Sachet (1 serving) / Thai Milk Tea,27,0.18518518518518517,25.2337037037037
plant-protein,480g Pack (16 servings) / Natural (Unflavoured),0724999808620,plant-protein | 480g Pack (16 servings) / Natural (Unflavoured),27,0.18518518518518517,67.51645342312008
better-whey,1KG Pack / Matchawhey,724999807784.0,better-whey | 1KG Pack / Matchawhey,25,0.36,164.6550181818182
better-whey,500g Pack / Cocoa Dinosaur,724999808897.0,better-whey | 500g Pack / Cocoa Dinosaur,25,0.08,64.30227878787879
better-whey,1kg Pack (40 servings) / Matchawhey,0724999807784,better-whey | 1kg Pack (40 servings) / Matchawhey,24,0.20833333333333334,90.43996212121213
collagen-glow,300g (30 serves) / Unflavoured,0724999808507,collagen-glow | 300g (30 serves) / Unflavoured,24,0.3333333333333333,60.156010101010104
plant-protein,480g Pack (16 servings) / Cocoa Dinosaur,724999808606.0,plant-protein | 480g Pack (16 servings) / Cocoa Dinosaur,23,0.043478260869565216,59.20333333333333
clear-protein,25g Sachet (1 serving) / Peach,0724999810494,clear-protein | 25g Sachet (1 serving) / Peach,23,0.13043478260869565,78.43260869565218
creatine-monohydrate-sachet,10 x 5g (10 servings) *Most Popular*,CRE-UNF-5G-10PK-V1,creatine-monohydrate-sachet | 10 x 5g (10 servings) *Most Popular*,22,0.4090909090909091,127.52363636363636
micronized-creatine-monohydrate,1 x 250g Pack (50 servings),0724999807999,micronized-creatine-monohydrate | 1 x 250g Pack (50 servings),22,0.2727272727272727,83.51727272727273
prime-whey-isolate,Natural (Unflavored) / 1kg,724999807760.0,prime-whey-isolate | Natural (Unflavored) / 1kg,22,0.4090909090909091,238.03177685950413
lushprotein-clear-shaker,40g Sachet / Taro,0724999810470,unknown | 40g Sachet / Taro,21,0.09523809523809523,27.434761904761906
better-whey,1kg Pack (40 servings) / Cocoa Dinosaur,724999807937.0,better-whey | 1kg Pack (40 servings) / Cocoa Dinosaur,21,0.38095238095238093,208.6177922077922
lushprotein-lean-protein-40g-single-serve,1 x 40g Sachet (1 serving) / Taro,LEAN-TAR-40G-V1,lushprotein-lean-protein-40g-single-serve | 1 x 40g Sachet (1 serving) / Taro,21,0.19047619047619047,88.69714285714286
collagen-glow,300g,0724999808507,collagen-glow | 300g,21,0.3333333333333333,156.75571428571428
clear-protein,1 x 500g Pack (20 servings) / White Grape,0724999807807,clear-protein | 1 x 500g Pack (20 servings) / White Grape,21,0.19047619047619047,114.85428571428572
clear-protein-25g-single-sachet,5 x 25g (5 servings) *MOST POPULAR* / White Grape,CLEAR-GRA-25G-5PK-V2,clear-protein-25g-single-sachet | 5 x 25g (5 servings) *MOST POPULAR* / White Grape,20,0.15,65.607
better-whey,1kg Pack (40 servings) / Matchawhey,724999807784.0,better-whey | 1kg Pack (40 servings) / Matchawhey,19,0.3684210526315789,86.32939393939394
soy-protein-isolate,1 x 1kg Pack (40 servings) / Unflavoured,0724999807845,soy-protein-isolate | 1 x 1kg Pack (40 servings) / Unflavoured,19,0.3157894736842105,174.43842105263158
lushprotein-clear-shaker,500g Pack (20 Serv) / Peach,0724999808361,lushprotein-clear-shaker | Default,18,0.4444444444444444,130.548468013468
better-whey,1KG Pack / Natural (Unflavored),724999807890.0,better-whey | 1KG Pack / Natural (Unflavored),17,0.11764705882352941,161.74966131907308
soy-protein-isolate,1KG Pack / Natural (Unflavoured),724999807845.0,soy-protein-isolate | 1KG Pack / Natural (Unflavoured),17,0.23529411764705882,165.45884135472372
lean-protein,40g Sachet / Thai Milk Tea,0724999810463,lean-protein | 40g Sachet / Thai Milk Tea,17,0.23529411764705882,71.72882352941177
clear-protein-25g-single-sachet,5 x 25g (5 servings) *MOST POPULAR* / Peach,CLEAR-PEA-25G-5PK-V2,clear-protein-25g-single-sachet | 5 x 25g (5 servings) *MOST POPULAR* / Peach,17,0.058823529411764705,52.30235294117647
plant-protein,Cocoa Dinosaur / 480g,724999808606.0,plant-protein | Cocoa Dinosaur / 480g,16,0.0625,51.53301136363636
plant-protein,480g Pack (16 servings) / Vanilla,PLT-VAN-480G-V1,plant-protein | 480g Pack (16 servings) / Vanilla,16,0.1875,147.678125
plant-protein,480g Pack (16 servings) / Vanilla,724999808613.0,plant-protein | 480g Pack (16 servings) / Vanilla,16,0.0625,49.04625
better-whey,1kg (40 serves) / Cocoa Dinosaur,0724999807937,better-whey | 1kg (40 serves) / Cocoa Dinosaur,16,0.375,85.26104166666667
clear-protein,25g Sachet (1 serving) / White Grape,0724999810487,clear-protein | 25g Sachet (1 serving) / White Grape,16,0.25,36.585625
better-whey,1kg Pack (40 servings) / Natural (Unflavoured),724999807890.0,better-whey | 1kg Pack (40 servings) / Natural (Unflavoured),15,0.2,111.203797979798
lushprotein-lean-protein-40g-single-serve,5 x 40g Sachet (5 servings) *Most Popular* / Taro,LEAN-TAR-40G-5PK-V1,lushprotein-lean-protein-40g-single-serve | 5 x 40g Sachet (5 servings) *Most Popular* / Taro,15,0.5333333333333333,104.452
micronized-creatine-monohydrate,250g (50 serves),0724999807999,micronized-creatine-monohydrate | 250g (50 serves),15,0.2,55.59533333333333
lean-protein,1kg Pack (25 servings) / Taro,0724999807708,lean-protein | 1kg Pack (25 servings) / Taro,14,0.42857142857142855,146.30928571428572
better-whey,500g Pack (20 servings) / Cocoa Dinosaur,0724999808897,better-whey | 500g Pack (20 servings) / Cocoa Dinosaur,14,0.35714285714285715,73.69545454545455
better-whey,1kg Pack (40 servings) / Vanilla (Exp Nov23),724999807913.0,better-whey | 1kg Pack (40 servings) / Vanilla (Exp Nov23),14,0.14285714285714285,90.30357142857143
soy-protein-isolate,1KG / Unflavoured,0724999807845,soy-protein-isolate | 1KG / Unflavoured,14,0.21428571428571427,66.79928571428572
prime-whey-isolate,1kg Pack (40 servings) / Natural (Unflavoured),724999807760.0,prime-whey-isolate | 1kg Pack (40 servings) / Natural (Unflavoured),14,0.35714285714285715,205.4865367965368
prime-whey-isolate,1kg Pack (40 servings) / Cocoa Dinosaur,0724999807791,prime-whey-isolate | 1kg Pack (40 servings) / Cocoa Dinosaur,14,0.42857142857142855,134.85227272727272
lushprotein-lean-protein-40g-single-serve,40g Sachet / Thai Milk Tea,0724999810463,lushprotein-lean-protein-40g-single-serve | 40g Sachet / Thai Milk Tea,13,0.38461538461538464,47.10923076923078
lushprotein-lean-protein-40g-single-serve,1 x 40g Sachet (1 serving) / Taro,0724999810470,lushprotein-lean-protein-40g-single-serve | 1 x 40g Sachet (1 serving) / Taro,13,0.3076923076923077,42.43692307692308
plant-protein,Natural (Unflavored) / 480g,724999808620.0,plant-protein | Natural (Unflavored) / 480g,13,0.07692307692307693,44.7551048951049
lushprotein-lean-protein-40g-single-serve,5 x 40g Sachet (5 servings) *Most Popular* / Thai Milk Tea,LEAN-THA-40G-5PK-V1,lushprotein-lean-protein-40g-single-serve | 5 x 40g Sachet (5 servings) *Most Popular* / Thai Milk Tea,13,0.15384615384615385,55.169230769230765
lean-protein,1kg Pack (25 servings) / Taro,0724999807822,lean-protein | 1kg Pack (25 servings) / Taro,13,0.3076923076923077,132.37076923076924
better-whey,1kg (40 servings) / Unflavoured,0724999807890,better-whey | 1kg (40 servings) / Unflavoured,12,0.08333333333333333,87.53416666666668
better-whey,1KG Pack / Cocoa Dinosaur,0724999807937,better-whey | 1KG Pack / Cocoa Dinosaur,12,0.5,284.9334595959596
clear-protein,2 x 500g Pack (40 servings) *MOST POPULAR* / Peach,0724999807814_2,clear-protein | 2 x 500g Pack (40 servings) *MOST POPULAR* / Peach,12,0.4166666666666667,195.10583333333332
lean-protein,1kg Pack (40 servings) / Thai Milk Tea,0724999807821,lean-protein | 1kg Pack (40 servings) / Thai Milk Tea,12,0.25,182.14
green-tea-extract-capsules,60 Capsules,0724999807548,green-tea-extract-capsules | 60 Capsules,12,0.3333333333333333,136.6004797979798
lushprotein-lean-protein-40g-single-serve,1 x 40g Sachet (1 serving) / Thai Milk Tea,0724999810463,lushprotein-lean-protein-40g-single-serve | 1 x 40g Sachet (1 serving) / Thai Milk Tea,12,0.16666666666666666,73.24333333333334
better-whey,1KG Pack / Vanilla,724999807913.0,better-whey | 1KG Pack / Vanilla,12,0.3333333333333333,103.1075
lean-protein,2 x 1kg Packs (50 servings) *MOST POPULAR* / Taro,LEAN-TAR-1KG-2BL-V1,lean-protein | 2 x 1kg Packs (50 servings) *MOST POPULAR* / Taro,12,0.3333333333333333,170.66666666666666
pureburn-fat-burner-capsules,90 Tablets,0724999807562,pureburn-fat-burner-capsules | 90 Tablets,11,0.36363636363636365,194.75272727272724
lean-protein,40g Sachet / Taro,0724999810470,lean-protein | 40g Sachet / Taro,11,0.2727272727272727,73.44818181818182
better-whey,1kg (40 serves) / Matchawhey,0724999807784,better-whey | 1kg (40 serves) / Matchawhey,11,0.36363636363636365,119.47338842975206
better-whey,1kg (40 serves) / Unflavoured,0724999807890,better-whey | 1kg (40 serves) / Unflavoured,10,0.2,115.45127272727272
plant-protein,480g Pack (16 servings) / Natural (Unflavoured),724999808620.0,plant-protein | 480g Pack (16 servings) / Natural (Unflavoured),10,0.1,50.083181818181814
prime-whey-isolate,Cocoa Dinosaur / 1kg,724999807791.0,prime-whey-isolate | Cocoa Dinosaur / 1kg,10,0.3,124.84636363636363
better-whey,500g Pack / Cocoa Dinosaur,0724999808897,better-whey | 500g Pack / Cocoa Dinosaur,10,0.4,286.3085757575758
better-whey,500g Pack / Teh Tarik,724999808910.0,better-whey | 500g Pack / Teh Tarik,10,0.5,101.804
clear-protein,2 x 500g Pack (40 servings) *MOST POPULAR* / White Grape,CLEAR-GRA-500G-2BL-V2,clear-protein | 2 x 500g Pack (40 servings) *MOST POPULAR* / White Grape,10,0.2,150.876
soy-protein-isolate,1kg Pack (40 servings) / Unflavoured,0724999807845,soy-protein-isolate | 1kg Pack (40 servings) / Unflavoured,9,0.1111111111111111,42.489999999999995
better-whey,1kg (40 servings) / Cocoa Dinosaur,0724999807937,better-whey | 1kg (40 servings) / Cocoa Dinosaur,9,0.0,80.1
plant-protein,Vanilla / 480g,724999808613.0,plant-protein | Vanilla / 480g,9,0.3333333333333333,191.85040404040404
lushprotein-lean-protein-40g-single-serve,40g Sachet / Taro,0724999810470,lushprotein-lean-protein-40g-single-serve | 40g Sachet / Taro,9,0.3333333333333333,53.57333333333334
green-tea-extract-capsules,60 Capsules (60 servings),0724999807548,green-tea-extract-capsules | 60 Capsules (60 servings),9,0.3333333333333333,87.30188552188552
collagen-glow,300g Pack (30 servings),724999808507.0,collagen-glow | 300g Pack (30 servings),9,0.1111111111111111,99.30333333333334
better-whey,500g Pack (20 servings) / Vanilla (Expiry Sep 2024),0724999808903,better-whey | 500g Pack (20 servings) / Vanilla (Expiry Sep 2024),9,0.2222222222222222,35.21666666666667
better-whey,500g Pack / Vanilla,724999808903.0,better-whey | 500g Pack / Vanilla,9,0.3333333333333333,116.52666666666667
better-whey,500g Pack / Matchawhey,724999808941.0,better-whey | 500g Pack / Matchawhey,9,0.2222222222222222,102.29222222222222
clear-protein-25g-single-sachet,1 x 25g Sachet (1 serving) / White Grape,0724999810487,clear-protein-25g-single-sachet | 1 x 25g Sachet (1 serving) / White Grape,8,0.375,108.94125
better-whey,500g Pack (20 servings) / Natural (Unflavoured),0724999808880,better-whey | 500g Pack (20 servings) / Natural (Unflavoured),8,0.25,74.45087121212121
better-whey,1kg Pack (40 servings) / Teh Tarik,724999808422.0,better-whey | 1kg Pack (40 servings) / Teh Tarik,8,0.125,102.85000000000001
soy-protein-isolate,1kg Pack (40 servings) / Natural (Unflavoured),724999807845.0,soy-protein-isolate | 1kg Pack (40 servings) / Natural (Unflavoured),8,0.375,104.47901515151516
lushprotein-lean-protein-40g-single-serve,1 x 40g Sachet / Thai Milk Tea,LEAN-THA-40G-V1,lushprotein-lean-protein-40g-single-serve | 1 x 40g Sachet / Thai Milk Tea,8,0.0,32.83625
clear-protein,2 x 500g Pack (40 servings) *MOST POPULAR* / Peach,CLEAR-PEA-500G-2BL-V2,clear-protein | 2 x 500g Pack (40 servings) *MOST POPULAR* / Peach,8,0.25,154.45375
creatine-monohydrate-sachet,1 x 5g (1 servings),CRE-UNF-5G-V1,creatine-monohydrate-sachet | 1 x 5g (1 servings),7,0.2857142857142857,70.26857142857143
discovery-sampler,6 Sachets Variety,0724999809610,discovery-sampler | 6 Sachets Variety,7,0.0,73.32428571428571
better-whey,1kg Pack (40 servings) / Vanilla,0724999807913,better-whey | 1kg Pack (40 servings) / Vanilla,7,0.5714285714285714,157.58999999999997
better-whey,500g Pack (20 servings) / Cocoa Dinosaur,724999808897.0,better-whey | 500g Pack (20 servings) / Cocoa Dinosaur,7,0.0,50.34675324675324
lushprotein-clear-shaker,1kg Pack (40 servings) / Cocoa Dinosaur,0724999808361,lushprotein-clear-shaker | Default,7,0.42857142857142855,137.3174458874459
prime-whey-isolate,1kg Pack (40 servings) / Cocoa Dinosaur,724999807791.0,prime-whey-isolate | 1kg Pack (40 servings) / Cocoa Dinosaur,7,0.42857142857142855,179.04034632034632
better-whey,1KG Pack / Teh Tarik,724999808422.0,better-whey | 1KG Pack / Teh Tarik,7,0.5714285714285714,215.6857142857143
better-whey,500g Pack / Cocoa Dinosaur,0724999808897,unknown | Default,7,1.0,289.167316017316
better-whey,500g Pack / Natural (Unflavored),724999808880.0,better-whey | 500g Pack / Natural (Unflavored),7,0.14285714285714285,49.61290043290044
better-whey,500g Pack (20 servings) / Vanilla,0724999808903,better-whey | 500g Pack (20 servings) / Vanilla,7,0.0,28.22
clear-protein-25g-single-sachet,1 x 25g Sachet (1 serving) / Peach,0724999810494,clear-protein-25g-single-sachet | 1 x 25g Sachet (1 serving) / Peach,7,0.42857142857142855,61.728571428571435
collagen-glow,300g Pack,724999808507.0,unknown | Default,7,1.0,627.9025108225107
clear-protein,500g Pack (20 Serv) / Peach,0724999808361,unknown | Default,7,0.42857142857142855,166.81142857142854
pureburn-fat-burner-capsules,90 capsules,724999807562.0,pureburn-fat-burner-capsules | 90 capsules,7,0.2857142857142857,111.47151515151516
better-whey,1KG Pack / Cocoa Dinosaur,724999807937.0,unknown | Default,7,1.0,497.9576623376624
better-whey,1KG Pack / Cocoa Dinosaur,0724999807937,unknown | Default,7,1.0,2146.4662337662335
super-omega-3,60 Softgels (60 servings),0724999807555,super-omega-3 | 60 Softgels (60 servings),6,0.8333333333333334,143.37525252525253
prime-whey-isolate,Matchawhey / 1kg,724999807777.0,prime-whey-isolate | Matchawhey / 1kg,6,0.5,185.78166666666667
better-whey,1kg Pack (40 servings) / Mango,0724999807951,better-whey | 1kg Pack (40 servings) / Mango,6,0.16666666666666666,96.37666666666667
micronized-creatine-monohydrate,1kg Pack (40 servings) / Natural (Unflavoured),0724999807999,micronized-creatine-monohydrate | Default,6,0.5,172.00378787878788
collagen-glow,300g Pack,0724999808507,collagen-glow | 300g Pack,6,0.5,220.11580808080808
lushprotein-clear-shaker,500g Pack (20 Serv) / White Grape,0724999808361,lushprotein-clear-shaker | Default,6,0.16666666666666666,173.42272727272726
better-whey,500g Pack (20 servings) / Vanilla (unsweetened),0724999808903,better-whey | 500g Pack (20 servings) / Vanilla (unsweetened),6,0.16666666666666666,49.685
lean-protein,1kg Pack (40 servings) / Taro,0724999807708,lean-protein | 1kg Pack (40 servings) / Taro,6,0.16666666666666666,124.70666666666666
better-whey,500g (20 serves) / Cocoa Dinosaur,0724999808897,better-whey | 500g (20 serves) / Cocoa Dinosaur,6,0.3333333333333333,57.32494949494949
soy-protein-isolate,1KG Pack / Natural (Unflavoured),0724999807845,soy-protein-isolate | 1KG Pack / Natural (Unflavoured),5,0.0,66.92787878787878
better-whey,1KG Pack / Matchawhey,0724999807784,better-whey | 1KG Pack / Matchawhey,5,0.2,106.39727272727274
soy-protein-isolate,1KG Pack / Natural (Unflavoured),0724999807845,unknown | Default,5,1.0,750.028303030303
collagen-glow,300g Pack,0724999808507,unknown | Default,5,1.0,834.5364848484849
lushprotein-clear-shaker,1kg Pack (40 servings) / Natural (Unflavoured),0724999808361,lushprotein-clear-shaker | Default,5,0.8,122.17236363636364
pureburn-fat-burner-capsules,90 Tablets,CAP-PBT-BOTTLE-V1,pureburn-fat-burner-capsules | 90 Tablets,5,0.2,192.724
better-whey,500g Pack / Cocoa Dinosaur,724999808897.0,unknown | Default,5,1.0,213.25272727272733
lean-protein,1 x 1kg Pack (25 servings) / Thai Milk Tea,LEAN-THA-1KG-V1,unknown | Default,5,0.6,321.222
micronized-creatine-monohydrate,500g Pack (20 Serv) / Peach,0724999807999,micronized-creatine-monohydrate | Default,5,0.4,153.78472727272728
collagen-glow,1 x 300g pack (30 servings),0724999808507,collagen-glow | 1 x 300g pack (30 servings),5,0.4,180.704
plant-protein,Cocoa Dinosaur / 480g,0724999808606,unknown | Default,5,1.0,307.768
plant-protein,Vanilla,0724999808613,plant-protein | Vanilla,5,0.0,50.722787878787884
lushprotein-lean-protein-40g-single-serve,5 x 40g Sachet (5 servings) *Most Popular* / Thai Milk Tea,0724999810517,lushprotein-lean-protein-40g-single-serve | 5 x 40g Sachet (5 servings) *Most Popular* / Thai Milk Tea,5,0.6,143.778
lushprotein-clear-shaker,300g (30 serves) / Unflavoured,0724999808361,lushprotein-clear-shaker | Default,5,0.8,123.68145454545456
lean-protein,2 x 1kg Packs (50 servings) *MOST POPULAR* / Thai Milk Tea,LEAN-THA-1KG-2BL-V1,lean-protein | 2 x 1kg Packs (50 servings) *MOST POPULAR* / Thai Milk Tea,5,0.4,194.738
clear-protein,2 x 500g Pack (40 servings) *MOST POPULAR* / White Grape,0724999807807_2,clear-protein | 2 x 500g Pack (40 servings) *MOST POPULAR* / White Grape,4,0.0,118.195
better-whey,1kg Pack (40 servings) / Natural (Unflavoured),0724999807890,unknown | Default,4,0.75,205.69075757575757
super-omega-3,60 Capsules,724999807555.0,super-omega-3 | 60 Capsules,4,0.5,161.7475
clear-protein,1 x 500g Pack (20 servings) / Peach,CLEAR-PEA-500G-V2,unknown | Default,4,1.0,512.3225
clear-protein,500g Pack (20 Servings) / Peach,0724999807814,clear-protein | 500g Pack (20 Servings) / Peach,4,0.0,72.3259090909091
collagen-glow,500g (40 servings),724999809146.0,unknown | 500g (40 servings),4,0.75,246.305
lean-protein,2 x 1kg Packs (50 servings) *MOST POPULAR* / Thai Milk Tea,0724999807821_2,lean-protein | 2 x 1kg Packs (50 servings) *MOST POPULAR* / Thai Milk Tea,4,0.5,237.92749999999998
better-whey,500g Pack / Matchawhey,724999808941.0,unknown | 500g Pack / Matchawhey,4,0.5,85.41060606060607
pureburn-fat-burner-capsules,90 Tablets (90 servings),0724999807562,pureburn-fat-burner-capsules | 90 Tablets (90 servings),4,0.25,118.0425
better-whey,1kg Pack (40 servings) / Mango,724999807951.0,better-whey | 1kg Pack (40 servings) / Mango,4,0.25,80.6525
better-whey,1kg Pack (40 servings) / Cocoa Dinosaur,0724999808361,unknown | Default,4,0.5,204.4925
better-whey,1kg Pack (40 servings) / Genmai-Roasted Brown Rice,0724999808736,better-whey | 1kg Pack (40 servings) / Genmai-Roasted Brown Rice,4,0.25,53.7575
clear-protein,6 Sachets Variety + 1 Shaker Bottle,BND-SS-MIX6-SHK-V1,unknown | 6 Sachets Variety + 1 Shaker Bottle,4,0.5,188.64749999999998
better-whey,500g Pack (20 servings) / Matchawhey,724999808941.0,better-whey | 500g Pack (20 servings) / Matchawhey,4,0.0,41.6875
clear-protein-25g-single-sachet,25g Sachet / White Grape,0724999810487,clear-protein-25g-single-sachet | 25g Sachet / White Grape,4,0.25,55.809999999999995
clear-protein-25g-single-sachet,25g Sachet / Peach,0724999810494,clear-protein-25g-single-sachet | 25g Sachet / Peach,4,0.5,40.3725
clear-protein-25g-single-sachet,5 x 25g Sachet (5 servings)  *MOST POPULAR* / White Grape,0724999810531,clear-protein-25g-single-sachet | 5 x 25g Sachet (5 servings)  *MOST POPULAR* / White Grape,4,0.0,93.33250000000001
plant-protein,Natural (Unflavored) / 480g,724999808620.0,unknown | Default,4,1.0,83.36666666666667
soy-protein-isolate,1kg Pack (40 servings) / Natural (Unflavoured),0724999807845,unknown | Default,4,0.75,66.16287878787878
prime-whey-isolate,Matchawhey / 1kg,0724999807777,prime-whey-isolate | Matchawhey / 1kg,4,0.0,84.7825
prime-whey-isolate,Cocoa Dinosaur,0724999807791,prime-whey-isolate | Cocoa Dinosaur,4,0.25,109.72083333333333
clear-protein,500g Pack (20 Serv) / White Grape,0724999808361,unknown | Default,3,1.0,233.07666666666668
better-whey,1KG Pack / Natural (Unflavored),724999807890.0,unknown | Default,3,1.0,381.8533333333333
super-omega-3,60 Softgels,CAP-OMG-BOTTLE-V1,super-omega-3 | 60 Softgels,3,0.3333333333333333,184.03666666666666
better-whey,1KG Pack / Natural (Unflavored),0724999807890,better-whey | 1KG Pack / Natural (Unflavored),3,0.6666666666666666,193.73333333333335
better-whey,1KG Pack / Matchawhey,0724999807784,unknown | Default,3,1.0,777.5851515151516
collagen-glow,300g Pack (30 servings) / Natural (Unflavoured),724999808507.0,collagen-glow | 300g Pack (30 servings) / Natural (Unflavoured),3,0.6666666666666666,105.10303030303031
multivitamin-vegan,90 Capsules (30 servings),0724999808378,multivitamin-vegan | 90 Capsules (30 servings),3,0.0,71.22545454545455
multivitamin-vegan,90 Capsules (30 servings),724999808378.0,multivitamin-vegan | 90 Capsules (30 servings),3,0.3333333333333333,107.79989898989898
plant-protein,Vanilla,0724999808613,unknown | Default,3,1.0,1691.979696969697
prime-whey-isolate,Cocoa Dinosaur / 1kg,724999807791.0,unknown | Default,3,1.0,1336.6051515151514
prime-whey-isolate,Cocoa Dinosaur / 1kg,0724999807791,prime-whey-isolate | Cocoa Dinosaur / 1kg,3,0.0,70.58686868686868
better-whey,1kg (40 servings) / Unflavoured,BET-UNF-1KG-V1,better-whey | 1kg (40 servings) / Unflavoured,3,0.0,59.9
clear-protein-25g-single-sachet,1 x 25g (1 serving) / White Grape,CLEAR-GRA-25G-V2,unknown | Default,3,0.3333333333333333,184.01666666666665
prime-whey-isolate,1kg Pack (40 servings) / Natural (Unflavoured),0724999807760,unknown | Default,3,1.0,280.05333333333334
plant-protein,Cocoa Dinosaur / 480g,0724999808606,plant-protein | Cocoa Dinosaur / 480g,3,0.3333333333333333,75.95858585858586
plant-protein,480g Pack (16 servings) / Vanilla,0724999808613,unknown | Default,3,1.0,352.98161616161616
clear-protein,4 x 500g Pack (80 servings) / Peach,CLEAR-PEA-500G-4BL-V2,clear-protein | 4 x 500g Pack (80 servings) / Peach,3,0.0,261.69666666666666
lushprotein-clear-shaker,1kg Pack (25 servings) / Thai Milk Tea,0724999808361,lushprotein-clear-shaker | Default,3,0.6666666666666666,173.58323232323232
lp-tote-bag-fuel-your-journey,White,ACC-TOTE-V1,lp-tote-bag-fuel-your-journey | Default,3,0.0,139.26
lean-protein,4 x 1kg Packs (100 servings) / Taro,0724999807822_4,lean-protein | 4 x 1kg Packs (100 servings) / Taro,3,0.3333333333333333,266.01666666666665
lushprotein-lean-protein-40g-single-serve,1 x 40g Sachet (1 serving) / Taro,LEAN-TAR-40G-V1,unknown | Default,3,0.0,50.07333333333333
lushprotein-lean-protein-40g-single-serve,5 x 40g Sachet (5 servings) *Most Popular* / Thai Milk Tea,0724999810463_5,lushprotein-lean-protein-40g-single-serve | 5 x 40g Sachet (5 servings) *Most Popular* / Thai Milk Tea,3,0.0,156.79
lushprotein-lean-protein-40g-single-serve,5 x 40g Sachet / Taro,LEAN-TAR-40G-5PK-V1,lushprotein-lean-protein-40g-single-serve | 5 x 40g Sachet / Taro,3,0.0,50.70333333333334
lushprotein-clear-shaker,480g Pack (16 servings) / Cocoa Dinosaur,0724999808361,lushprotein-clear-shaker | Default,3,1.0,120.69454545454545
green-tea-extract-capsules,60 Capsules (60 servings),724999807548.0,green-tea-extract-capsules | 60 Capsules (60 servings),3,0.0,59.2120202020202
lean-protein,1kg Pack (25 servings) / Thai Milk Tea,0724999807821,unknown | Default,3,1.0,289.3922222222222
lean-protein,2 x 1kg Packs (50 servings) *MOST POPULAR* / Taro,0724999807822_2,lean-protein | 2 x 1kg Packs (50 servings) *MOST POPULAR* / Taro,3,0.3333333333333333,183.91666666666666
lean-protein,1kg Pack (25 servings) / Thai Milk Tea,0724999808361,unknown | Default,3,0.6666666666666666,392.25
better-whey,500g Pack (20 servings) / Vanilla,724999808903.0,better-whey | 500g Pack (20 servings) / Vanilla,3,0.0,67.02
better-whey,500g Pack / Matchawhey,0724999808941,better-whey | 500g Pack / Matchawhey,3,0.6666666666666666,160.28333333333333
better-whey,1KG Pack / Vanilla,0724999807913,unknown | Default,3,1.0,408.679393939394
prime-whey-isolate,Natural (Unflavored) / 1kg,0724999807760,prime-whey-isolate | Natural (Unflavored) / 1kg,3,0.0,79.65757575757577
better-whey,500g (40 servings),0724999809146,unknown | Default,2,1.0,212.94
better-whey,500g Pack / Matchawhey,724999808941.0,unknown | Default,2,1.0,89.47
pureburn-fat-burner-capsules,90 capsules,0724999807562,pureburn-fat-burner-capsules | 90 capsules,2,0.5,323.4742424242424
pureburn-fat-burner-capsules,90 Capsules (90 servings),0724999807562,pureburn-fat-burner-capsules | 90 Capsules (90 servings),2,0.0,62.2560606060606
pureburn-fat-burner-capsules,90 Capsules (90 servings),724999807562.0,pureburn-fat-burner-capsules | 90 Capsules (90 servings),2,1.0,231.28333333333336
green-tea-extract-capsules,60 Capsules (60 servings),0724999807548,unknown | Default,2,1.0,139.05
better-whey,1KG Pack / Vanilla,0724999807913,better-whey | 1KG Pack / Vanilla,2,0.5,265.25
lushprotein-clear-shaker,500g Pack / Vanilla,724999808903.0,unknown | 500g Pack / Vanilla,2,1.0,141.35909090909092
collagen-glow,500g (40 servings),0724999809146,unknown | Default,2,1.0,513.0145454545454
green-tea-extract-capsules,60 Capsules,724999807548.0,unknown | Default,2,1.0,467.2769696969697
green-tea-extract-capsules,60 Capsules,724999807548.0,green-tea-extract-capsules | 60 Capsules,2,0.5,152.6951515151515
lushprotein-lean-protein-40g-single-serve,1 x 40g Sachet / Taro,LEAN-TAR-40G-V1,lushprotein-lean-protein-40g-single-serve | 1 x 40g Sachet / Taro,2,0.0,81.84
better-whey,1kg Pack (40 servings) / Natural (Unflavoured),0724999808361,unknown | Default,2,1.0,350.735
better-whey,1KG Pack / Natural (Unflavoured),0724999807890,unknown | Default,2,1.0,959.2893939393939
lushprotein-clear-shaker,500g Pack (20 servings) / Cocoa Dinosaur,0724999808361,lushprotein-clear-shaker | Default,2,1.0,176.40909090909093
creatine-monohydrate-sachet,1 x 5g Sachet (1 servings),0724999809603,creatine-monohydrate-sachet | 1 x 5g Sachet (1 servings),2,0.5,133.525
lean-protein,40g Sachet / Thai Milk Tea,0724999810463,unknown | 40g Sachet / Thai Milk Tea,2,1.0,97.72
better-whey,1kg Pack (40 servings) / Matchawhey,724999808361.0,unknown | Default,2,0.5,126.64
lean-protein,1kg Pack (25 serves) / Taro,0724999807822,lean-protein | 1kg Pack (25 serves) / Taro,2,0.0,53.425
lushprotein-clear-shaker,500g (10 servings) / Belgian Choc,724999808361.0,lushprotein-clear-shaker | Default,2,0.0,66.66969696969697
clear-protein,500g Pack (20 Serv) / White Grape,0724999807807,unknown | Default,2,1.0,508.35
lean-protein,1 x 1kg Pack / Thai Milk Tea,LEAN-THA-1KG-V1,lean-protein | 1 x 1kg Pack / Thai Milk Tea,2,0.0,102.69500000000001
lean-protein,1 x 1kg Pack (25 servings) / Thai Milk Tea,0724999807821,unknown | Default,2,0.5,171.365
lean-protein,4 x 1kg Packs (100 servings) / Taro,LEAN-TAR-1KG-4BL-V1,lean-protein | 4 x 1kg Packs (100 servings) / Taro,2,0.5,609.355
lushprotein-lean-protein-40g-single-serve,5 x 40g Sachet / Thai Milk Tea,LEAN-THA-40G-5PK-V1,lushprotein-lean-protein-40g-single-serve | 5 x 40g Sachet / Thai Milk Tea,2,0.5,133.32500000000002
better-whey,500g Pack (20 servings) / Vanilla,0724999808903,unknown | 500g Pack (20 servings) / Vanilla,2,0.5,173.34924242424245
better-whey,500g Pack (20 servings) / Natural (Unflavoured),724999808880.0,better-whey | 500g Pack (20 servings) / Natural (Unflavoured),2,0.5,123.83484848484848
better-whey,500g (40 servings),724999809146.0,unknown | 500g (40 servings),2,0.5,82.195
micronized-creatine-monohydrate,1kg Pack (40 servings) / Matchawhey,0724999807999,micronized-creatine-monohydrate | Default,2,0.0,75.64348484848485
micronized-creatine-monohydrate,1kg Pack (40 servings) / Cocoa Dinosaur,0724999807999-1,micronized-creatine-monohydrate | Default,2,1.0,201.3121212121212
micronized-creatine-monohydrate,1kg Pack (40 servings) / Cocoa Dinosaur,0724999807999,micronized-creatine-monohydrate | Default,2,0.5,136.71
micronized-creatine-monohydrate,1kg (40 serves) / Matchawhey,0724999807999,micronized-creatine-monohydrate | Default,2,0.0,51.76666666666667
micronized-creatine-monohydrate,1kg (40 serves) / Cocoa Dinosaur,0724999807999,micronized-creatine-monohydrate | Default,2,0.5,94.31060606060606
micronized-creatine-monohydrate,1 x 250g Pack (50 servings),CRE-UNF-250G-V1,unknown | Default,2,0.5,544.85
micronized-creatine-monohydrate,250g (50 servings),0724999807999,micronized-creatine-monohydrate | Default,2,1.0,98.01818181818182
micronized-creatine-monohydrate,2 x 250g Pack (100 servings) *Most Popular*,CRE-UNF-250G-2BL-V1,micronized-creatine-monohydrate | 2 x 250g Pack (100 servings) *Most Popular*,2,0.5,202.89999999999998
collagen-glow,500g (10 servings) / Vanilla,724999808705.0,unknown | 500g (10 servings) / Vanilla,2,0.5,252.14242424242425
collagen-glow,4 x 300g packs (120 servings),COL-UNF-300G-4BL-V1,collagen-glow | 4 x 300g packs (120 servings),2,0.5,202.64499999999998
collagen-glow,300g Pack (30 servings),0724999808361,unknown | Default,2,0.5,332.88
collagen-glow,2 x 300g packs (60 servings) *Most Popular*,COL-UNF-300G-2BL-V1,collagen-glow | 2 x 300g packs (60 servings) *Most Popular*,2,0.0,109.0
micronized-creatine-monohydrate,90 Tablets (90 servings),0724999807999,micronized-creatine-monohydrate | Default,2,0.0,105.63499999999999
micronized-creatine-monohydrate,500g (20 serves) / Vanilla,0724999807999,micronized-creatine-monohydrate | Default,2,0.0,42.16818181818182
micronized-creatine-monohydrate,300g Pack (30 servings) / Natural (Unflavoured),0724999807999,micronized-creatine-monohydrate | Default,2,0.0,83.26818181818183
micronized-creatine-monohydrate,300g Pack (30 servings),0724999807999,micronized-creatine-monohydrate | Default,2,0.5,204.04500000000002
better-whey,1kg Pack (40 servings) / Genmai-Roasted Brown Rice,0724999808736,unknown | 1kg Pack (40 servings) / Genmai-Roasted Brown Rice,2,1.0,93.82727272727273
better-whey,1kg Pack (40 servings) / Cocoa Dinosaur,724999808361.0,unknown | Default,2,1.0,411.975
better-whey,1kg Pack (40 servings) / Cocoa Dinosaur,0724999807937,unknown | Default,2,1.0,297.4254545454545
plant-protein,480g Pack (16 servings) / Cocoa Dinosaur,0724999808361,unknown | Default,2,1.0,150.03
multivitamin-vegan,90 Capsules,724999808378.0,multivitamin-vegan | 90 Capsules,2,0.0,107.66060606060606
multivitamin-vegan,90 Caps,0724999808378,multivitamin-vegan | 90 Caps,2,0.0,78.75757575757575
clear-protein-25g-single-sachet,5 x 25g Sachets / Peach,CLEAR-PEA-25G-5PK-V2,clear-protein-25g-single-sachet | 5 x 25g Sachets / Peach,2,0.0,45.7
plant-protein,Vanilla / 480g,0724999808613,plant-protein | Vanilla / 480g,2,0.5,375.3
plant-protein,Natural (Unflavored) / 480g,0724999808620,plant-protein | Natural (Unflavored) / 480g,2,0.5,152.6439393939394
plant-protein,Natural (Unflavored),0724999808620,plant-protein | Natural (Unflavored),2,1.0,455.615
plant-protein,Cocoa Dinosaur,0724999808606,plant-protein | Cocoa Dinosaur,2,0.0,39.07424242424243
prime-whey-isolate,Cocoa Dinosaur,0724999807791,unknown | Default,2,1.0,618.385606060606
prime-whey-isolate,1kg Pack (40 servings) / Natural (Unflavoured),724999807876.0,unknown | 1kg Pack (40 servings) / Natural (Unflavoured),2,1.0,563.0374242424242
pureburn-fat-burner-capsules,90 Tablets (90 servings),724999807562.0,pureburn-fat-burner-capsules | 90 Tablets (90 servings),2,0.0,75.53
better-whey,1KG Pack / Teh Tarik,7249998080422.0,unknown | 1KG Pack / Teh Tarik,2,0.0,78.25454545454546
clear-protein,1 x 500g Pack (20 servings) / White Grape,CLEAR-GRA-500G-V2,unknown | Default,2,0.5,389.81000000000006
pureburn-fat-burner-capsules,90 tablets,724999807562.0,pureburn-fat-burner-capsules | 90 tablets,2,0.5,64.35
soy-protein-isolate,2 x 1kg Pack (80 servings) *Most Popular* / Unflavoured,SOY-UNF-1KG-2BL-V1,soy-protein-isolate | 2 x 1kg Pack (80 servings) *Most Popular* / Unflavoured,2,0.0,69.6
prime-whey-isolate,Natural (Unflavored),0724999807760,prime-whey-isolate | Natural (Unflavored),2,0.0,134.63030303030303
collagen-glow,500g (40 servings),724999809146.0,unknown | Default,1,1.0,106.85151515151516
better-whey,500g Pack (10 servings) / Vanilla,724999808705.0,unknown | 500g Pack (10 servings) / Vanilla,1,0.0,115.5
better-whey,500g (40 servings),724999809146.0,unknown | Default,1,1.0,1125.7515151515152
better-whey,500g (16 servings) / Belgian Choc,0724999808699,unknown | 500g (16 servings) / Belgian Choc,1,1.0,177.73030303030305
better-whey,1kg Pack (40 servings) / Vanilla (unsweetened),0724999807913,better-whey | 1kg Pack (40 servings) / Vanilla (unsweetened),1,0.0,58.67
better-whey,1kg Pack (40 servings) / Vanilla (Exp Nov23),724999807913.0,unknown | Default,1,1.0,3180.0299999999997
better-whey,1kg Pack (40 servings) / Vanilla,724999807913.0,unknown | 1kg Pack (40 servings) / Vanilla,1,1.0,263.3557575757576
better-whey,1kg Pack (40 servings) / Vanilla,0724999807913,unknown | 1kg Pack (40 servings) / Vanilla,1,0.0,127.92727272727274
lean-protein,1kg Pack (40 servings) / Vanilla (unsweetened),0724999807913,unknown | 1kg Pack (40 servings) / Vanilla (unsweetened),1,1.0,175.23333333333335
lean-protein,1kg Pack (25 servings) / Taro,0724999807708,unknown | Default,1,1.0,85.33909090909091
lean-protein,1kg Pack (25 serves) / Taro,0724999807708,unknown | Default,1,1.0,83.54
lean-protein,1 x 1kg Pack (25 servings) / Taro,LEAN-TAR-1KG-V1,unknown | Default,1,1.0,381.63
lean-protein,2 x 1kg Packs (50 servings) *MOST POPULAR* / Taro,0724999807822_2,unknown | Default,1,1.0,164.88
better-whey,500g Pack (20 servings) / Matchawhey,724999808941.0,unknown | 500g Pack (20 servings) / Matchawhey,1,1.0,60.55757575757576
clear-protein,500g (40 servings),0724999809146,unknown | Default,1,1.0,284.5757575757576
better-whey,500g Pack / Vanilla,724999808903.0,unknown | 500g Pack / Vanilla,1,1.0,176.33939393939394
better-whey,500g Pack / Vanilla,0724999808903,unknown | Default,1,1.0,208.7969696969697
better-whey,500g Pack / Teh Tarik,724999808910.0,unknown | 500g Pack / Teh Tarik,1,0.0,49.660606060606064
better-whey,500g Pack / Teh Tarik,0724999808910,unknown | 500g Pack / Teh Tarik,1,1.0,1298.8121212121212
better-whey,500g Pack / Teh Tarik,0724999808910,better-whey | 500g Pack / Teh Tarik,1,1.0,229.5
better-whey,500g Pack / Natural (Unflavoured),0724999808880,unknown | Default,1,1.0,209.26999999999998
better-whey,500g Pack / Natural (Unflavoured),0724999808880,better-whey | 500g Pack / Natural (Unflavoured),1,1.0,82.96969696969697
better-whey,500g Pack / Natural (Unflavored),0724999808880,better-whey | 500g Pack / Natural (Unflavored),1,0.0,44.8
better-whey,500g Pack / Matchawhey,0724999808941,unknown | Default,1,1.0,669.71
better-whey,500g Pack (20 servings) / Cocoa Dinosaur,0724999808897,unknown | Default,1,1.0,181.38
lushprotein-clear-shaker,1kg Pack (40 servings) / Vanilla (unsweetened),0724999808361,lushprotein-clear-shaker | Default,1,1.0,244.42121212121214
lushprotein-clear-shaker,1kg Pack (40 servings) / Vanilla,0724999808361,lushprotein-clear-shaker | Default,1,1.0,124.76969696969698
lushprotein-clear-shaker,1kg Pack (40 servings) / Natural (Unflavoured),724999808361.0,lushprotein-clear-shaker | Default,1,1.0,154.4
lushprotein-clear-shaker,1kg Pack (40 servings) / Matchawhey,0724999808361,lushprotein-clear-shaker | Default,1,0.0,38.61212121212122
lushprotein-clear-shaker,1kg Pack (40 servings) / Genmai-Roasted Brown Rice,724999808361.0,lushprotein-clear-shaker | Default,1,1.0,244.22121212121215
lushprotein-clear-shaker,1kg Pack (25 serves) / Taro,0724999808361,lushprotein-clear-shaker | Default,1,0.0,53.96060606060606
lushprotein-clear-shaker,1kg (40 serves) / Unflavoured,0724999808361,lushprotein-clear-shaker | Default,1,0.0,92.06363636363636
lushprotein-clear-shaker,1KG Pack / Teh Tarik,724999808361.0,lushprotein-clear-shaker | Default,1,0.0,85.56969696969698
lushprotein-clear-shaker,1KG Pack / Natural (Unflavored),724999808361.0,lushprotein-clear-shaker | Default,1,1.0,496.1181818181818
lushprotein-clear-shaker,1KG Pack / Matchawhey,0724999808361,unknown | Default,1,1.0,84.37272727272727
lean-protein,500g Pack (10 servings) / Belgian Choc,0724999808699,unknown | 500g Pack (10 servings) / Belgian Choc,1,1.0,221.29
lean-protein,40g Sachet (single serve) / Thai Milk Tea,0724999808897,lean-protein | 40g Sachet (single serve) / Thai Milk Tea,1,0.0,29.77
lean-protein,4 x 1kg Packs (100 servings) / Thai Milk Tea,LEAN-THA-1KG4BL-V1,lean-protein | 4 x 1kg Packs (100 servings) / Thai Milk Tea,1,1.0,430.0
lean-protein,2 x 1kg Packs (50 servings) *POPULAR* / Taro,0724999807822_2,lean-protein | 2 x 1kg Packs (50 servings) *POPULAR* / Taro,1,0.0,113.0
lushprotein-clear-shaker,500g Pack / Matchawhey,0724999808941,unknown | 500g Pack / Matchawhey,1,1.0,93.18787878787879
lushprotein-clear-shaker,500g Pack / Cocoa Dinosaur,724999808361.0,lushprotein-clear-shaker | Default,1,0.0,38.94242424242424
lushprotein-clear-shaker,500g Pack (20 servings) / Matchawhey,724999808941.0,unknown | 500g Pack (20 servings) / Matchawhey,1,0.0,69.47272727272727
lushprotein-clear-shaker,500g Pack (10 servings) / Belgian Choc,724999808699.0,unknown | Default,1,1.0,128.92727272727274
lushprotein-clear-shaker,500g Pack (10 servings) / Belgian Choc,724999808699.0,unknown | 500g Pack (10 servings) / Belgian Choc,1,1.0,171.71212121212122
lushprotein-clear-shaker,500g Pack (10 servings) / Belgian Choc,724999808361.0,lushprotein-clear-shaker | Default,1,0.0,37.21515151515152
lushprotein-clear-shaker,500g (20 serves) / Cocoa Dinosaur,0724999808361,lushprotein-clear-shaker | Default,1,1.0,219.75727272727272
lushprotein-clear-shaker,500g (16 servings) / Vanilla,0724999808705,unknown | 500g (16 servings) / Vanilla,1,0.0,65.36363636363636
lushprotein-clear-shaker,500g (16 servings) / Belgian Choc,0724999808699,unknown | 500g (16 servings) / Belgian Choc,1,0.0,81.7090909090909
lushprotein-clear-shaker,500g (10 servings) / Vanilla,724999808361.0,lushprotein-clear-shaker | Default,1,0.0,58.372727272727275
lushprotein-clear-shaker,480g Pack (16 servings) / Natural (Unflavoured),0724999808361,lushprotein-clear-shaker | Default,1,0.0,31.769696969696973
lushprotein-clear-shaker,300g Pack (30 servings) / Natural (Unflavoured),0724999808361,unknown | Default,1,1.0,917.7806060606061
lushprotein-clear-shaker,300g Pack (30 servings) / Natural (Unflavoured),0724999808361,lushprotein-clear-shaker | Default,1,1.0,297.96121212121216
lushprotein-clear-shaker,300g Pack,724999808361.0,lushprotein-clear-shaker | Default,1,0.0,150.91
better-whey,1kg Pack (40 servings) / Matchawhey,724999807784.0,unknown | Default,1,1.0,117.22121212121212
better-whey,1kg Pack (40 servings) / Matchawhey,0724999808361,unknown | Default,1,0.0,108.0
better-whey,1kg Pack (40 servings) / Matchawhey,0724999807784,unknown | Default,1,1.0,557.59
lushprotein-clear-shaker,Natural (Unflavored) / 1kg,724999808361.0,lushprotein-clear-shaker | Default,1,0.0,66.15454545454546
lushprotein-clear-shaker,Matchawhey / 1kg,0724999808361,lushprotein-clear-shaker | Default,1,0.0,92.03636363636365
lushprotein-clear-shaker,Cocoa Dinosaur,0724999808361,lushprotein-clear-shaker | Default,1,0.0,102.56
lushprotein-clear-shaker,90 Capsules (30 servings),0724999808361,lushprotein-clear-shaker | Default,1,0.0,109.02
lushprotein-clear-shaker,60 Softgels (60 servings),0724999808361,lushprotein-clear-shaker | Default,1,1.0,300.09000000000003
lushprotein-clear-shaker,6 Sachets Variety + 1 Shaker Bottle,BND-SS-MIX6-SHK-V1,unknown | 6 Sachets Variety + 1 Shaker Bottle,1,0.0,105.74
lushprotein-clear-shaker,500g Pack / Vanilla,0724999808361,lushprotein-clear-shaker | Default,1,0.0,91.04242424242425
lushprotein-clear-shaker,500g Pack / Teh Tarik,724999808910.0,unknown | 500g Pack / Teh Tarik,1,1.0,90.34545454545454
lushprotein-clear-shaker,500g Pack / Teh Tarik,724999808361.0,lushprotein-clear-shaker | Default,1,0.0,62.26
lushprotein-clear-shaker,500g Pack / Matchawhey,724999808941.0,unknown | Default,1,1.0,113.35151515151514
lushprotein-clear-shaker,500g Pack / Matchawhey,724999808941.0,unknown | 500g Pack / Matchawhey,1,0.0,56.975757575757584
lushprotein-logo-white-cap,1kg Pack (40 servings) / Natural (Unflavoured),0724999809566,unknown | Default,1,1.0,119.07878787878788
lushprotein-logo-white-cap,1kg Pack (25 servings) / Thai Milk Tea,0724999809559,lushprotein-logo-white-cap | Default,1,0.0,108.7909090909091
lushprotein-lean-protein-40g-single-serve,500g (40 servings),724999809146.0,unknown | 500g (40 servings),1,1.0,105.14545454545456
lushprotein-lean-protein-40g-single-serve,5 x 40g Sachet (5 servings) *Most Popular* / Taro,0724999810524,lushprotein-lean-protein-40g-single-serve | 5 x 40g Sachet (5 servings) *Most Popular* / Taro,1,0.0,36.84
lushprotein-lean-protein-40g-single-serve,40g Sachet / Taro,0724999810470,unknown | Default,1,1.0,0.0
lushprotein-lean-protein-40g-single-serve,1 x 40g Sachet (1 serving) / Thai Milk Tea,LEAN-THA-40G-V1,unknown | Default,1,1.0,207.72
lushprotein-clear-shaker,White,ACC-SHK-V2,unknown | Default,1,0.0,390.5
lushprotein-clear-shaker,S,HS00834-S,unknown | S,1,0.0,121.09090909090911
better-whey,1kg Pack (40 servings) / Natural (Unflavoured),724999808361.0,unknown | Default,1,1.0,160.48000000000002
better-whey,1kg Pack (40 servings) / Natural (Unflavoured),724999807890.0,unknown | Default,1,1.0,77.54545454545455
better-whey,1kg Pack (40 servings) / Natural (Unflavoured),724999807876.0,unknown | Default,1,1.0,307.29
better-whey,1kg Pack (40 servings) / Natural (Unflavoured),0724999807876,unknown | Default,1,1.0,461.48
better-whey,1kg Pack (40 servings) / Natural (Unflavoured),0724999807876,unknown | 1kg Pack (40 servings) / Natural (Unflavoured),1,0.0,142.21
micronized-creatine-monohydrate,1kg Pack (40 servings) / Vanilla (unsweetened),0724999809566,unknown | Default,1,1.0,53.25757575757576
micronized-creatine-monohydrate,1kg Pack (40 servings) / Vanilla,724999807999.0,micronized-creatine-monohydrate | Default,1,0.0,76.13333333333334
micronized-creatine-monohydrate,1kg Pack (40 servings) / Natural (Unflavoured),0724999807999-1,micronized-creatine-monohydrate | Default,1,1.0,108.0848484848485
micronized-creatine-monohydrate,1kg Pack (40 servings) / Natural (Unflavoured),0724999807876,unknown | 1kg Pack (40 servings) / Natural (Unflavoured),1,0.0,123.21
pureburn-fat-burner-capsules,500g (16 servings) / Belgian Choc,0724999808699,unknown | Default,1,1.0,1078.05
pureburn-fat-burner-capsules,500g (16 servings) / Belgian Choc,724999808699.0,unknown | 500g (16 servings) / Belgian Choc,1,0.0,57.3969696969697
pureburn-fat-burner-capsules,500g Pack / Honeydew,0724999808934,unknown | 500g Pack / Honeydew,1,1.0,348.6121212121212
micronized-creatine-monohydrate,1kg Pack (25 servings) / Thai Milk Tea,0724999807999-1,micronized-creatine-monohydrate | Default,1,1.0,128.71515151515152
micronized-creatine-monohydrate,1kg Pack (25 servings) / Thai Milk Tea,0724999807999,micronized-creatine-monohydrate | Default,1,1.0,15.430303030303032
micronized-creatine-monohydrate,1kg (40 servings) / Unflavoured,0724999807999,micronized-creatine-monohydrate | Default,1,1.0,181.51
micronized-creatine-monohydrate,1kg (40 serves) / Unflavoured,0724999807999,micronized-creatine-monohydrate | Default,1,1.0,155.69575757575757
pureburn-fat-burner-capsules,90 Tablets,CAP-PBT-BOTTLE-V1,unknown | Default,1,0.0,193.25
sg-june-2025-victory-tag-delivery,1 x 250g Pack (50 servings),CRE-UNF-250G-V1,sg-june-2025-victory-tag-delivery | Default,1,1.0,30.939999999999998
soy-protein-isolate,1kg (40 serves) / Mango,0724999807951,unknown | 1kg (40 serves) / Mango,1,1.0,231.8881818181818
micronized-creatine-monohydrate,1 x 250g Pack (50 servings),0724999807999,unknown | Default,1,1.0,61.237575757575755
lushprotein-logo-white-cap,500g Pack (20 servings) / Natural (Unflavoured),0724999809559,lushprotein-logo-white-cap | Default,1,0.0,108.9939393939394
micronized-creatine-monohydrate,300g (30 serves) / Unflavoured,0724999807999,micronized-creatine-monohydrate | Default,1,1.0,88.69393939393939
soy-protein-isolate,1KG Pack / Natural (Unflavoured),724999807845.0,unknown | Default,1,1.0,211.97
micronized-creatine-monohydrate,250g (50 serves),0724999807999,micronized-creatine-monohydrate | Default,1,1.0,64.65
better-whey,1KG Pack / Vanilla,0724999807913,unknown | 1KG Pack / Vanilla,1,0.0,92.06363636363636
collagen-glow,500g (40 servings),0724999809146,unknown | 500g (40 servings),1,0.0,57.36666666666667
collagen-glow,500g (16 servings) / Vanilla,724999808705.0,unknown | Default,1,1.0,363.04
thermal-stainless-steel-bottle,500g Pack (20 Serv) / Peach,0724999809160,thermal-stainless-steel-bottle | Default,1,0.0,91.49
collagen-glow,500g (10 servings) / Belgian Choc,724999808699.0,unknown | 500g (10 servings) / Belgian Choc,1,0.0,62.57
better-whey,1KG Pack / Teh Tarik,07249998080422,unknown | 1KG Pack / Teh Tarik,1,1.0,150.88181818181818
collagen-glow,4 x 300g packs (120 servings),0724999808507_4,unknown | Default,1,1.0,941.5699999999999
collagen-glow,4 x 300g packs (120 servings),0724999808507_4,collagen-glow | 4 x 300g packs (120 servings),1,1.0,239.51
collagen-glow,300g Pack (30 servings) / Natural (Unflavoured),724999808507.0,unknown | Default,1,1.0,845.2818181818182
pureburn-fat-burner-capsules,1kg Pack (40 servings) / Matchawhey,724999807777.0,unknown | 1kg Pack (40 servings) / Matchawhey,1,1.0,365.6393939393939
clear-protein,500g Pack (20 servings) / Vanilla,0724999808903,unknown | Default,1,1.0,95.98484848484848
collagen-glow,1kg Pack (40 servings) / Matchawhey,0724999807777,unknown | 1kg Pack (40 servings) / Matchawhey,1,1.0,240.9939393939394
collagen-glow,1KG Pack / Vanilla,0724999807913,unknown | 1KG Pack / Vanilla,1,0.0,74.7909090909091
multivitamin-vegan,500g Pack (40 servings),724999809146.0,unknown | 500g Pack (40 servings),1,1.0,283.84000000000003
multivitamin-vegan,1 x 300g pack (30 servings),0724999808378,multivitamin-vegan | Default,1,0.0,178.39
clear-protein,500g Pack (20 Servings) / White Grape,724999807807.0,clear-protein | 500g Pack (20 Servings) / White Grape,1,1.0,342.81
micronized-creatine-monohydrate,7 x 10g Sachet (7 servings) *Most Popular*,0724999807999,micronized-creatine-monohydrate | Default,1,1.0,307.1933333333333
micronized-creatine-monohydrate,60 Capsules (60 servings),0724999807999,micronized-creatine-monohydrate | Default,1,0.0,32.22727272727273
micronized-creatine-monohydrate,500g Pack (20 servings) / Cocoa Dinosaur,0724999807999,micronized-creatine-monohydrate | Default,1,0.0,70.91
micronized-creatine-monohydrate,500g Pack (20 Serv) / White Grape,0724999807999,micronized-creatine-monohydrate | Default,1,0.0,276.8
micronized-creatine-monohydrate,500g Pack (20 Serv) / Peach,0724999807999-1,micronized-creatine-monohydrate | Default,1,1.0,128.22424242424242
micronized-creatine-monohydrate,500g (40 servings),724999809146.0,unknown | 500g (40 servings),1,1.0,101.68
clear-protein,500g Pack (20 Servings) / Peach,0724999808361,unknown | Default,1,1.0,726.21
micronized-creatine-monohydrate,480g Pack (16 servings) / Vanilla,0724999807999,unknown | Default,1,1.0,306.04
micronized-creatine-monohydrate,4 x 250g Pack (200 servings),CRE-UNF-250G-4BL-V1,micronized-creatine-monohydrate | 4 x 250g Pack (200 servings),1,0.0,64.71
micronized-creatine-monohydrate,4 x 250g Pack (200 servings),0724999807999_4,micronized-creatine-monohydrate | 4 x 250g Pack (200 servings),1,1.0,337.27
micronized-creatine-monohydrate,300g Pack (30 servings) / Natural (Unflavoured),0724999807999-1,micronized-creatine-monohydrate | Default,1,0.0,65.69393939393939
clear-protein,500g Pack (20 Serv) / White Grape,0724999809559,unknown | Default,1,0.0,300.9
clear-protein,500g Pack (20 Serv) / Peach,0724999809566,unknown | Default,1,1.0,128.22424242424242
better-whey,1kg Pack (40 servings) / Genmai-Roasted Brown Rice,724999808736.0,unknown | 1kg Pack (40 servings) / Genmai-Roasted Brown Rice,1,0.0,86.30606060606061
better-whey,1kg Pack (40 servings) / Genmai-Roasted Brown Rice,724999808736.0,better-whey | 1kg Pack (40 servings) / Genmai-Roasted Brown Rice,1,1.0,242.52
better-whey,1kg Pack (40 servings) / Genmai-Roasted Brown Rice,0724999808736,unknown | Default,1,1.0,649.48
clear-protein,500g Pack (20 Serv) / Peach,0724999807814,unknown | Default,1,1.0,83.9
clear-protein,500g Pack (10 servings) / Vanilla,0724999808705,unknown | 500g Pack (10 servings) / Vanilla,1,0.0,124.43
clear-protein,500g (40 servings),724999809146.0,unknown | 500g (40 servings),1,1.0,152.99
plant-protein,480g Pack (16 servings) / Cocoa Dinosaur,0724999808606,unknown | Default,1,1.0,49.78
better-whey,1KG / Natural (Unflavoured),724999807876.0,unknown | 1KG / Natural (Unflavoured),1,1.0,194.11
plant-protein,1KG / Natural (Unflavoured),724999807876.0,unknown | 1KG / Natural (Unflavoured),1,1.0,160.01999999999998
multivitamin-vegan,Matchawhey / 1kg,724999807777.0,unknown | Matchawhey / 1kg,1,1.0,264.4030303030303
multivitamin-vegan,90 capsules,0724999808378,multivitamin-vegan | 90 capsules,1,0.0,68.8
soy-protein-isolate,1kg Pack (40 servings) / Natural (Unflavoured),724999807845.0,unknown | Default,1,1.0,692.169696969697
multivitamin-vegan,90 Capsules,0724999808378,multivitamin-vegan | 90 Capsules,1,0.0,38.9
soy-protein-isolate,1kg Pack (40 servings) / Natural (Unflavoured),0724999808361,unknown | Default,1,1.0,96.45
multivitamin-vegan,60 Softgels,0724999808378,multivitamin-vegan | Default,1,0.0,58.9
multivitamin-vegan,60 Capsules,0724999808378,multivitamin-vegan | Default,1,0.0,63.8
plant-protein,480g Pack / Vanilla,0724999808613,unknown | Default,1,1.0,178.59818181818184
plant-protein,480g Pack / Vanilla,0724999808613,plant-protein | 480g Pack / Vanilla,1,1.0,66.18181818181819
collagen-glow,1KG / Natural (Unflavoured),724999807876.0,unknown | 1KG / Natural (Unflavoured),1,0.0,77.66969696969697
collagen-glow,1 x 300g pack (30 servings),COL-UNF-300G-V1,unknown | Default,1,1.0,383.64
clear-protein-25g-single-sachet,5 x 25g Sachets / Peach,CLEAR-PEA-25G-5PK-V2,unknown | Default,1,0.0,126.16
pureburn-fat-burner-capsules,90 Tablets (90 servings),0724999807562,unknown | Default,1,0.0,242.4
clear-protein-25g-single-sachet,5 x 25g Sachet (5 servings)  *MOST POPULAR* / Peach,0724999810548,clear-protein-25g-single-sachet | 5 x 25g Sachet (5 servings)  *MOST POPULAR* / Peach,1,0.0,49.88
clear-protein-25g-single-sachet,1 x 25g (1 serving) / White Grape,0724999810487,clear-protein-25g-single-sachet | 1 x 25g (1 serving) / White Grape,1,0.0,42.75
clear-protein-25g-single-sachet,1 x 25g (1 serving) / Peach,0724999810494,unknown | Default,1,1.0,646.55
clear-protein-25g-single-sachet,1 x 25g (1 serving) / Peach,0724999810494,clear-protein-25g-single-sachet | 1 x 25g (1 serving) / Peach,1,0.0,22.66
clear-protein,S,HS00834-S,unknown | S,1,1.0,506.0051515151515
clear-protein,500g Pack (20 servings) / Vanilla (unsweetened),0724999808903,unknown | 500g Pack (20 servings) / Vanilla (unsweetened),1,0.0,49.409090909090914
plant-protein,480g Pack (16 servings) / Vanilla,0724999808361,unknown | Default,1,1.0,283.81
plant-protein,480g Pack (16 servings) / Natural (Unflavoured),724999808361.0,unknown | Default,1,1.0,305.04
plant-protein,480g Pack (16 servings) / Natural (Unflavoured),0724999808361,unknown | Default,1,0.0,25.23
better-whey,1kg Pack (40 servings) / Mango,0724999807951,unknown | Default,1,1.0,366.36
prime-whey-isolate,1KG Pack / Cocoa Dinosaur,0724999807791,prime-whey-isolate | 1KG Pack / Cocoa Dinosaur,1,1.0,295.1472727272727
prime-whey-isolate,1KG / Natural (Unflavoured),724999807876.0,unknown | 1KG / Natural (Unflavoured),1,1.0,684.4000000000001
plant-protein,XL,HS00833-XL,unknown | XL,1,1.0,164.41515151515154
plant-protein,Vanilla / 480g,724999808613.0,unknown | Default,1,1.0,135.39
plant-protein,Vanilla / 480g,0724999808613,unknown | Default,1,1.0,1118.49
soy-protein-isolate,1KG / Unflavoured,0724999807845,unknown | Default,1,1.0,626.1084848484849
green-tea-extract-capsules,60 Capsules,CAP-GTE-BOTTLE-V1,green-tea-extract-capsules | 60 Capsules,1,0.0,95.79
green-tea-extract-capsules,60 Capsules,0724999807548,unknown | Default,1,1.0,79.99
plant-protein,Cocoa Dinosaur / 480g,724999808606.0,unknown | Default,1,1.0,847.64
plant-protein,Cocoa Dinosaur / 480g,0724999808361_FREE,unknown | Default,1,1.0,4235.198787878788
plant-protein,Cocoa Dinosaur,0724999808606,unknown | Default,1,1.0,754.9
creatine-monohydrate-sachet,6 Sachets Variety + 1 Shaker Bottle,BND-SS-MIX6-SHK-V1,unknown | 6 Sachets Variety + 1 Shaker Bottle,1,0.0,32.4
plant-protein,500g Pack / Honeydew,0724999808934,unknown | Default,1,1.0,363.6939393939394
plant-protein,500g Pack (10 servings) / Belgian Choc,724999808699.0,unknown | 500g Pack (10 servings) / Belgian Choc,1,0.0,103.92
plant-protein,500g (40 servings),724999809146.0,unknown | 500g (40 servings),1,0.0,61.71
plant-protein,500g (16 servings) / Belgian Choc,0724999808699,unknown | 500g (16 servings) / Belgian Choc,1,0.0,102.43636363636365
prime-whey-isolate,Matchawhey / 1kg,0724999807777,unknown | Matchawhey / 1kg,1,1.0,230.1878787878788
prime-whey-isolate,Matchawhey,0724999807777,unknown | Matchawhey,1,0.0,109.03636363636363
prime-whey-isolate,Matchawhey,0724999807777,unknown | Default,1,1.0,506.8272727272727
creatine-monohydrate-sachet,10 x 5g (10 servings) *Most Popular*,CRE-UNF-5G-10PK-V1,unknown | Default,1,1.0,1091.26
prime-whey-isolate,60 softgels,0724999807593,unknown | 60 softgels,1,0.0,229.79
prime-whey-isolate,500g (40 servings),0724999809146,unknown | Default,1,1.0,697.3600000000001
prime-whey-isolate,500g (16 servings) / Vanilla,0724999808705,unknown | 500g (16 servings) / Vanilla,1,1.0,566.8969696969697
prime-whey-isolate,500g (16 servings) / Belgian Choc,0724999808699,unknown | 500g (16 servings) / Belgian Choc,1,0.0,83.42727272727274
prime-whey-isolate,500g (10 servings) / Belgian Choc,724999808699.0,unknown | 500g (10 servings) / Belgian Choc,1,0.0,83.42727272727274
creatine-monohydrate-sachet,1 x 5g (1 servings),CRE-UNF-5G-V1,unknown | Default,1,1.0,269.1
prime-whey-isolate,1kg Pack (40 servings) / Natural (Unflavoured),0724999808361,unknown | Default,1,1.0,608.25
prime-whey-isolate,1kg Pack (40 servings) / Matchawhey,724999807777.0,prime-whey-isolate | 1kg Pack (40 servings) / Matchawhey,1,0.0,79.9
prime-whey-isolate,1kg Pack (40 servings) / Cocoa Dinosaur,0724999809566,unknown | Default,1,0.0,60.27272727272727
prime-whey-isolate,1kg Pack (40 servings) / Cocoa Dinosaur,0724999807791,unknown | Default,1,1.0,240.17939393939395
prime-whey-isolate,1KG Pack / Natural (Unflavoured),0724999807760,unknown | Default,1,1.0,283.46000000000004
prime-whey-isolate,1KG Pack / Cocoa-dinosaur,0724999807791,prime-whey-isolate | 1KG Pack / Cocoa-dinosaur,1,0.0,96.0
collagen-glow-10g-single-serve,7 x 10g Sachet (7 servings) *Most Popular*,COL-UNF-10G-7PK-V1,collagen-glow-10g-single-serve | 7 x 10g Sachet (7 servings) *Most Popular*,1,0.0,100.97
super-omega-3,60 Softgels (60 servings),724999807555.0,super-omega-3 | 60 Softgels (60 servings),1,0.0,97.45
better-whey,1KG Pack / Matchawhey,724999807784.0,unknown | Default,1,1.0,532.3636363636364
better-whey,1KG Pack / Natural (Unflavored),0724999807890,unknown | Default,1,1.0,665.26
better-whey,1KG Pack / Natural (Unflavoured),0724999807890,better-whey | 1KG Pack / Natural (Unflavoured),1,0.0,51.18181818181819
better-whey,1KG Pack / Teh Tarik,7249998080422.0,unknown | Default,1,1.0,2259.690909090909
collagen-glow-10g-single-serve,5 x 10g Sachet (5 servings) *Most Popular*,724999809009_5,collagen-glow-10g-single-serve | 5 x 10g Sachet (5 servings) *Most Popular*,1,0.0,67.0
better-whey,1KG Pack / Teh Tarik,0724999808422,better-whey | 1KG Pack / Teh Tarik,1,1.0,185.6
better-whey,500g Pack / Matchawhey,0724999808941,unknown | 500g Pack / Matchawhey,1,1.0,63.57575757575758
clear-protein,2 x 500g Pack (40 servings) *MOST POPULAR* / White Grape,CLEAR-GRA-500G-2BL-V2,unknown | Default,1,0.0,116.1
clear-protein,1kg Pack (40 servings) / Vanilla,0724999807913,unknown | 1kg Pack (40 servings) / Vanilla,1,0.0,92.42727272727272
clear-protein,1kg Pack (40 servings) / Genmai-Roasted Brown Rice,0724999808736,unknown | 1kg Pack (40 servings) / Genmai-Roasted Brown Rice,1,1.0,168.40818181818184
clear-protein,1 x 500g Pack / Peach,CLEAR-PEA-500G-V2,clear-protein | 1 x 500g Pack / Peach,1,0.0,136.16
collagen-glow-10g-single-serve,1 x 10g Sachet (1 serving),COL-UNF-10G-V1,collagen-glow-10g-single-serve | 1 x 10g Sachet (1 serving),1,0.0,69.09
better-whey,500g Pack / Vanilla,724999808903.0,unknown | Default,1,1.0,428.28000000000003
collagen-glow,Matchawhey / 1kg,724999807777.0,unknown | Matchawhey / 1kg,1,0.0,86.30606060606061
pureburn-fat-burner-capsules,90 capsules,724999807562.0,unknown | Default,1,1.0,225.5030303030303
better-whey,500g Pack / Honeydew,0724999808934,unknown | 500g Pack / Honeydew,1,0.0,73.63939393939394
better-whey,500g Pack (20 servings) / Vanilla (unsweetened),0724999808903,unknown | 500g Pack (20 servings) / Vanilla (unsweetened),1,0.0,43.89090909090909
super-omega-3,60 Capsules,0724999807555,super-omega-3 | 60 Capsules,1,0.0,59.093939393939394
super-omega-3,500g (16 servings) / Vanilla,724999808705.0,unknown | 500g (16 servings) / Vanilla,1,1.0,305.91818181818184
soy-protein-isolate,4 x 1kg Pack (160 servings) / Unflavoured,SOY-UNF-1KG-4BL-V1,soy-protein-isolate | 4 x 1kg Pack (160 servings) / Unflavoured,1,0.0,101.61
collagen-glow,500g Pack (40 servings),724999809146.0,unknown | 500g Pack (40 servings),1,1.0,616.6909090909091
soy-protein-isolate,2 x 1kg Pack (80 servings) *Most Popular* / Unflavoured,0724999807845_2,soy-protein-isolate | 2 x 1kg Pack (80 servings) *Most Popular* / Unflavoured,1,0.0,68.0
prime-whey-isolate,Natural (Unflavored),0724999807760,unknown | Default,1,1.0,452.7015151515152
collagen-glow,500g Pack (10 servings) / Belgian Choc,724999808699.0,unknown | 500g Pack (10 servings) / Belgian Choc,1,0.0,68.72
better-whey,1kg (40 serves) / Matchawhey,0724999807784,unknown | Default,1,1.0,273.0757575757576
better-whey,1kg (40 serves) / Cocoa Dinosaur,0724999807937,unknown | Default,1,1.0,82.21818181818182
better-whey,1KG Pack / Vanilla (Exp Nov23),724999807913.0,unknown | Default,1,1.0,456.5060606060606
better-whey,1KG Pack / Vanilla,724999807913.0,unknown | Default,1,1.0,464.2218181818182
better-whey,1KG Pack / Vanilla,0724999808361_FREE,unknown | Default,1,1.0,412.72121212121215
pureburn-fat-burner-capsules,500g (10 servings) / Vanilla,724999808705.0,unknown | 500g (10 servings) / Vanilla,1,0.0,100.8
