Line: Product Handle,Line: Variant Title,Line: SKU,flavor_label,loyal_buyers,total_line_items,total_revenue,avg_purchases_per_loyal_buyer
clear-protein,500g Pack (20 Serv) / Peach,0724999807814,clear-protein / 500g Pack (20 Serv) / Peach,171,287,20022.296666666665,1.6783625730994152
lean-protein,1kg Pack (25 servings) / Thai Milk Tea,0724999807821,lean-protein / 1kg Pack (25 servings) / Thai Milk Tea,125,177,11518.296666666667,1.416
clear-protein,500g Pack (20 Serv) / White Grape,0724999807807,clear-protein / 500g Pack (20 Serv) / White Grape,123,183,12274.599393939394,1.4878048780487805
better-whey,1kg Pack (40 servings) / Cocoa Dinosaur,0724999807937,better-whey / 1kg Pack (40 servings) / Cocoa Dinosaur,99,148,9926.628181818181,1.494949494949495
lushprotein-clear-shaker,White,0724999808361,lushprotein-clear-shaker / White,84,103,1092.36,1.2261904761904763
collagen-glow,300g Pack,724999808507.0,collagen-glow / 300g Pack,76,118,7003.4193939393945,1.5526315789473684
better-whey,1kg Pack (40 servings) / Natural (Unflavoured),0724999807890,better-whey / 1kg Pack (40 servings) / Natural (Unflavoured),75,127,8696.692727272728,1.6933333333333334
better-whey,1KG Pack / Cocoa Dinosaur,724999807937.0,better-whey / 1KG Pack / Cocoa Dinosaur,74,97,7819.233333333334,1.3108108108108107
lushprotein-clear-shaker,White,ACC-SHK-V2,lushprotein-clear-shaker / White,72,97,1291.27,1.3472222222222223
soy-protein-isolate,1kg Pack (40 servings) / Natural (Unflavoured),0724999807845,soy-protein-isolate / 1kg Pack (40 servings) / Natural (Unflavoured),71,125,5145.221515151516,1.7605633802816902
lean-protein,1 x 1kg Pack (25 servings) / Thai Milk Tea,LEAN-THA-1KG-V1,lean-protein / 1 x 1kg Pack (25 servings) / Thai Milk Tea,70,138,12243.84,1.9714285714285715
collagen-glow,300g Pack (30 servings) / Natural (Unflavoured),0724999808507,collagen-glow / 300g Pack (30 servings) / Natural (Unflavoured),69,135,7196.963636363637,1.9565217391304348
micronized-creatine-monohydrate,1 x 250g Pack (50 servings),CRE-UNF-250G-V1,micronized-creatine-monohydrate / 1 x 250g Pack (50 servings),64,118,4239.62,1.84375
plant-protein,480g Pack (16 servings) / Cocoa Dinosaur,0724999808606,plant-protein / 480g Pack (16 servings) / Cocoa Dinosaur,61,140,8310.099696969697,2.2950819672131146
collagen-glow,300g Pack (30 servings),0724999808507,collagen-glow / 300g Pack (30 servings),60,102,5059.7,1.7
lean-protein,1 x 1kg Pack (25 servings) / Taro,LEAN-TAR-1KG-V1,lean-protein / 1 x 1kg Pack (25 servings) / Taro,59,109,7932.49,1.847457627118644
plant-protein,480g Pack (16 servings) / Vanilla,0724999808613,plant-protein / 480g Pack (16 servings) / Vanilla,56,125,6683.056363636364,2.232142857142857
lean-protein,1kg Pack (25 serves) / Thai Milk Tea,0724999807821,lean-protein / 1kg Pack (25 serves) / Thai Milk Tea,56,82,4653.33,1.4642857142857142
collagen-glow,300g (30 serves) / Unflavoured,0724999808507,collagen-glow / 300g (30 serves) / Unflavoured,55,110,4843.209090909091,2.0
better-whey,1kg (40 serves) / Cocoa Dinosaur,0724999807937,better-whey / 1kg (40 serves) / Cocoa Dinosaur,55,101,5439.826666666667,1.8363636363636364
collagen-glow,300g,0724999808507,collagen-glow / 300g,54,71,3627.31,1.3148148148148149
prime-whey-isolate,1kg Pack (40 servings) / Natural (Unflavoured),0724999807760,prime-whey-isolate / 1kg Pack (40 servings) / Natural (Unflavoured),53,109,9711.675151515152,2.056603773584906
collagen-glow,1 x 300g pack (30 servings),COL-UNF-300G-V1,collagen-glow / 1 x 300g pack (30 servings),47,90,5683.25,1.9148936170212767
better-whey,1KG Pack / Matchawhey,724999807784.0,better-whey / 1KG Pack / Matchawhey,47,59,5233.70606060606,1.2553191489361701
better-whey,1kg Pack (40 servings) / Matchawhey,0724999807784,better-whey / 1kg Pack (40 servings) / Matchawhey,47,71,4905.851515151515,1.5106382978723405
clear-protein,1 x 500g Pack (20 servings) / Peach,CLEAR-PEA-500G-V2,clear-protein / 1 x 500g Pack (20 servings) / Peach,46,83,7692.03,1.8043478260869565
lean-protein-peach-oolong-pre-order,1 x 1kg Pack (25 servings) / Peach Oolong,LEAN-POL-1KG-V1,lean-protein-peach-oolong-pre-order / 1 x 1kg Pack (25 servings) / Peach Oolong,45,46,4893.95,1.0222222222222221
better-whey,1KG Pack / Cocoa Dinosaur,0724999807937,better-whey / 1KG Pack / Cocoa Dinosaur,42,42,6263.624848484849,1.0
lean-protein,1 x 1kg Pack (25 servings) / Thai Milk Tea,0724999807821,lean-protein / 1 x 1kg Pack (25 servings) / Thai Milk Tea,40,65,3703.11,1.625
collagen-glow,300g Pack,0724999808507,collagen-glow / 300g Pack,40,43,4229.27696969697,1.075
better-whey,1kg Pack (40 servings) / Cocoa Dinosaur,724999807937.0,better-whey / 1kg Pack (40 servings) / Cocoa Dinosaur,39,46,3083.7442424242427,1.1794871794871795
clear-protein,1 x 500g Pack (20 servings) / White Grape,CLEAR-GRA-500G-V2,clear-protein / 1 x 500g Pack (20 servings) / White Grape,39,79,6925.41,2.0256410256410255
prime-whey-isolate,Natural (Unflavored) / 1kg,724999807760.0,prime-whey-isolate / Natural (Unflavored) / 1kg,39,63,7931.823636363637,1.6153846153846154
better-whey,1KG Pack / Natural (Unflavored),724999807890.0,better-whey / 1KG Pack / Natural (Unflavored),39,55,5222.375757575758,1.4102564102564104
lean-protein,1 x 1kg Pack (25 servings) / Taro,0724999807822,lean-protein / 1 x 1kg Pack (25 servings) / Taro,38,51,2869.2599999999998,1.3421052631578947
micronized-creatine-monohydrate,250g (50 servings),0724999807999,micronized-creatine-monohydrate / 250g (50 servings),36,50,1189.011212121212,1.3888888888888888
prime-whey-isolate,1kg Pack (40 servings) / Cocoa Dinosaur,0724999807791,prime-whey-isolate / 1kg Pack (40 servings) / Cocoa Dinosaur,36,60,5337.961515151515,1.6666666666666667
plant-protein,480g Pack (16 servings) / Natural (Unflavoured),0724999808620,plant-protein / 480g Pack (16 servings) / Natural (Unflavoured),35,81,3941.0136363636366,2.3142857142857145
better-whey,1kg (40 serves) / Unflavoured,0724999807890,better-whey / 1kg (40 serves) / Unflavoured,35,59,3793.5615151515153,1.6857142857142857
clear-protein,1 x 500g Pack (20 servings) / Peach,0724999807814,clear-protein / 1 x 500g Pack (20 servings) / Peach,34,51,3662.75,1.5
better-whey,1kg Pack (40 servings) / Natural (Unflavoured),724999807890.0,better-whey / 1kg Pack (40 servings) / Natural (Unflavoured),34,46,2990.4569696969697,1.3529411764705883
lean-protein,1kg Pack (25 serves) / Taro,0724999807708,lean-protein / 1kg Pack (25 serves) / Taro,34,38,2052.72303030303,1.1176470588235294
clear-protein,500g Pack (20 servings) / Peach,0724999807814,clear-protein / 500g Pack (20 servings) / Peach,33,46,3374.13,1.393939393939394
better-whey,1kg Pack (40 servings) / Matchawhey,724999807784.0,better-whey / 1kg Pack (40 servings) / Matchawhey,32,42,2519.0754545454547,1.3125
prime-whey-isolate,1kg Pack (40 servings) / Natural (Unflavoured),724999807760.0,prime-whey-isolate / 1kg Pack (40 servings) / Natural (Unflavoured),30,51,4450.275151515151,1.7
lean-protein,1kg Pack (25 servings) / Taro,0724999807822,lean-protein / 1kg Pack (25 servings) / Taro,30,35,1959.01,1.1666666666666667
soy-protein-isolate,1KG Pack / Natural (Unflavoured),724999807845.0,soy-protein-isolate / 1KG Pack / Natural (Unflavoured),30,37,2149.156363636364,1.2333333333333334
micronized-creatine-monohydrate,1 x 250g Pack (50 servings),0724999807999,micronized-creatine-monohydrate / 1 x 250g Pack (50 servings),30,35,951.98,1.1666666666666667
collagen-glow,300g Pack (30 servings) / Natural (Unflavoured),724999808507.0,collagen-glow / 300g Pack (30 servings) / Natural (Unflavoured),30,53,2515.7333333333336,1.7666666666666666
plant-protein,Cocoa Dinosaur / 480g,724999808606.0,plant-protein / Cocoa Dinosaur / 480g,29,44,3474.808787878788,1.5172413793103448
collagen-glow,1 x 300g pack (30 servings),0724999808507,collagen-glow / 1 x 300g pack (30 servings),27,33,1616.1799999999998,1.2222222222222223
lean-protein,40g Sachet / Thai Milk Tea,0724999810463,lean-protein / 40g Sachet / Thai Milk Tea,27,33,177.65,1.2222222222222223
plant-protein,480g Pack (16 servings) / Cocoa Dinosaur,PLT-CHO-480G-V1,plant-protein / 480g Pack (16 servings) / Cocoa Dinosaur,26,49,2911.05,1.8846153846153846
better-whey,500g Pack / Cocoa Dinosaur,724999808897.0,better-whey / 500g Pack / Cocoa Dinosaur,24,30,1593.7178787878788,1.25
soy-protein-isolate,1 x 1kg Pack (40 servings) / Unflavoured,SOY-UNF-1KG-V1,soy-protein-isolate / 1 x 1kg Pack (40 servings) / Unflavoured,24,49,3670.12,2.0416666666666665
better-whey,1KG Pack / Vanilla,724999807913.0,better-whey / 1KG Pack / Vanilla,23,31,2473.92,1.3478260869565217
better-whey,1KG Pack / Matchawhey,0724999807784,better-whey / 1KG Pack / Matchawhey,23,23,2982.4245454545458,1.0
lean-protein,40g Sachet (1 serving) / Taro,0724999810470,lean-protein / 40g Sachet (1 serving) / Taro,23,25,160.12,1.0869565217391304
prime-whey-isolate,Cocoa Dinosaur / 1kg,724999807791.0,prime-whey-isolate / Cocoa Dinosaur / 1kg,22,30,3465.957878787879,1.3636363636363635
soy-protein-isolate,1kg Pack (40 servings) / Natural (Unflavoured),724999807845.0,soy-protein-isolate / 1kg Pack (40 servings) / Natural (Unflavoured),22,25,1334.528181818182,1.1363636363636365
soy-protein-isolate,1kg Pack (40 servings) / Unflavoured,0724999807845,soy-protein-isolate / 1kg Pack (40 servings) / Unflavoured,21,32,1460.19,1.5238095238095237
lean-protein,40g Sachet (1 serving) / Thai Milk Tea,0724999810463,lean-protein / 40g Sachet (1 serving) / Thai Milk Tea,21,24,166.52,1.1428571428571428
better-whey,500g Pack (20 servings) / Cocoa Dinosaur,0724999808897,better-whey / 500g Pack (20 servings) / Cocoa Dinosaur,21,31,1060.1442424242425,1.4761904761904763
clear-protein,500g Pack (20 servings) / White Grape,0724999807807,clear-protein / 500g Pack (20 servings) / White Grape,20,29,2317.92,1.45
micronized-creatine-monohydrate,250g (50 serves),0724999807999,micronized-creatine-monohydrate / 250g (50 serves),20,30,989.99,1.5
lean-protein,2 x 1kg Packs (50 servings) *MOST POPULAR* / Taro,LEAN-TAR-1KG-2BL-V1,lean-protein / 2 x 1kg Packs (50 servings) *MOST POPULAR* / Taro,20,25,2580.48,1.25
better-whey,1kg (40 servings) / Cocoa Dinosaur,0724999807937,better-whey / 1kg (40 servings) / Cocoa Dinosaur,18,25,1738.22,1.3888888888888888
better-whey,500g (20 serves) / Cocoa Dinosaur,0724999808897,better-whey / 500g (20 serves) / Cocoa Dinosaur,18,24,650.6239393939394,1.3333333333333333
super-omega-3,60 Softgels (60 servings),0724999807555,super-omega-3 / 60 Softgels (60 servings),17,31,1061.361515151515,1.8235294117647058
clear-protein,1 x 500g Pack (20 servings) / White Grape,0724999807807,clear-protein / 1 x 500g Pack (20 servings) / White Grape,17,32,2374.78,1.8823529411764706
better-whey,1kg Pack (40 servings) / Genmai-Roasted Brown Rice,0724999808736,better-whey / 1kg Pack (40 servings) / Genmai-Roasted Brown Rice,17,18,1064.49,1.0588235294117647
soy-protein-isolate,1 x 1kg Pack (40 servings) / Unflavoured,0724999807845,soy-protein-isolate / 1 x 1kg Pack (40 servings) / Unflavoured,17,24,1170.72,1.411764705882353
lean-protein,1kg Pack (25 servings) / Taro,0724999807708,lean-protein / 1kg Pack (25 servings) / Taro,16,19,1246.31,1.1875
pureburn-fat-burner-capsules,90 Tablets,0724999807562,pureburn-fat-burner-capsules / 90 Tablets,16,20,974.37,1.25
lean-protein,1kg Pack (40 servings) / Thai Milk Tea,0724999807821,lean-protein / 1kg Pack (40 servings) / Thai Milk Tea,16,18,1057.85,1.125
better-whey,1kg Pack (40 servings) / Mango,0724999807951,better-whey / 1kg Pack (40 servings) / Mango,16,20,1482.5,1.25
prime-whey-isolate,1kg Pack (40 servings) / Cocoa Dinosaur,724999807791.0,prime-whey-isolate / 1kg Pack (40 servings) / Cocoa Dinosaur,16,20,1871.7127272727273,1.25
plant-protein,Natural (Unflavored) / 480g,724999808620.0,plant-protein / Natural (Unflavored) / 480g,15,19,1359.609393939394,1.2666666666666666
lean-protein,2 x 1kg Packs (50 servings) *MOST POPULAR* / Thai Milk Tea,LEAN-THA-1KG-2BL-V1,lean-protein / 2 x 1kg Packs (50 servings) *MOST POPULAR* / Thai Milk Tea,15,22,2361.49,1.4666666666666666
better-whey,1KG Pack / Natural (Unflavoured),0724999807890,better-whey / 1KG Pack / Natural (Unflavoured),15,15,2260.0954545454547,1.0
soy-protein-isolate,1KG / Unflavoured,0724999807845,soy-protein-isolate / 1KG / Unflavoured,15,19,875.57,1.2666666666666666
plant-protein,480g Pack (16 servings) / Vanilla,PLT-VAN-480G-V1,plant-protein / 480g Pack (16 servings) / Vanilla,15,33,1582.6,2.2
green-tea-extract-capsules,60 Capsules (60 servings),0724999807548,green-tea-extract-capsules / 60 Capsules (60 servings),15,17,423.9469696969697,1.1333333333333333
better-whey,1kg (40 servings) / Unflavoured,0724999807890,better-whey / 1kg (40 servings) / Unflavoured,15,31,1817.79,2.066666666666667
better-whey,1KG Pack / Teh Tarik,724999808422.0,better-whey / 1KG Pack / Teh Tarik,15,18,1446.6000000000001,1.2
prime-whey-isolate,Matchawhey / 1kg,724999807777.0,prime-whey-isolate / Matchawhey / 1kg,15,24,2596.36,1.6
green-tea-extract-capsules,60 Capsules,0724999807548,green-tea-extract-capsules / 60 Capsules,14,15,340.3387878787879,1.0714285714285714
clear-protein,25g Sachet (1 serving) / White Grape,0724999810487,clear-protein / 25g Sachet (1 serving) / White Grape,14,17,204.9,1.2142857142857142
pureburn-fat-burner-capsules,90 capsules,724999807562.0,pureburn-fat-burner-capsules / 90 capsules,14,14,559.2515151515152,1.0
plant-protein,Vanilla / 480g,724999808613.0,plant-protein / Vanilla / 480g,14,19,1123.2618181818182,1.3571428571428572
better-whey,1kg Pack (40 servings) / Vanilla,0724999807913,better-whey / 1kg Pack (40 servings) / Vanilla,14,16,1210.0,1.1428571428571428
lean-protein,40g Sachet / Taro,0724999810470,lean-protein / 40g Sachet / Taro,13,17,37.84,1.3076923076923077
better-whey,1kg (40 serves) / Matchawhey,0724999807784,better-whey / 1kg (40 serves) / Matchawhey,13,16,838.2636363636365,1.2307692307692308
pureburn-fat-burner-capsules,90 Tablets (90 servings),0724999807562,pureburn-fat-burner-capsules / 90 Tablets (90 servings),13,27,1228.78,2.076923076923077
better-whey,500g Pack / Cocoa Dinosaur,0724999808897,better-whey / 500g Pack / Cocoa Dinosaur,13,14,805.240303030303,1.0769230769230769
super-omega-3,60 Softgels,0724999807555,super-omega-3 / 60 Softgels,12,26,807.2872727272727,2.1666666666666665
better-whey,1kg Pack (40 servings) / Vanilla (unsweetened),0724999807913,better-whey / 1kg Pack (40 servings) / Vanilla (unsweetened),11,13,896.5,1.1818181818181819
lushprotein-lean-protein-40g-single-serve,1 x 40g Sachet (1 serving) / Thai Milk Tea,LEAN-THA-40G-V1,lushprotein-lean-protein-40g-single-serve / 1 x 40g Sachet (1 serving) / Thai Milk Tea,11,22,400.83000000000004,2.0
collagen-glow,300g Pack (30 servings),724999808507.0,collagen-glow / 300g Pack (30 servings),11,14,573.0,1.2727272727272727
clear-protein-25g-single-sachet,1 x 25g (1 serving) / Peach,CLEAR-PEA-25G-V2,clear-protein-25g-single-sachet / 1 x 25g (1 serving) / Peach,11,20,310.76,1.8181818181818181
clear-protein,2 x 500g Pack (40 servings) *MOST POPULAR* / White Grape,CLEAR-GRA-500G-2BL-V2,clear-protein / 2 x 500g Pack (40 servings) *MOST POPULAR* / White Grape,11,15,1927.35,1.3636363636363635
creatine-monohydrate-sachet,10 x 5g (10 servings) *Most Popular*,CRE-UNF-5G-10PK-V1,creatine-monohydrate-sachet / 10 x 5g (10 servings) *Most Popular*,11,25,702.89,2.272727272727273
clear-protein,25g Sachet (1 serving) / Peach,0724999810494,clear-protein / 25g Sachet (1 serving) / Peach,11,13,112.6,1.1818181818181819
plant-protein,480g Pack (16 servings) / Cocoa Dinosaur,724999808606.0,plant-protein / 480g Pack (16 servings) / Cocoa Dinosaur,11,19,1541.8775757575759,1.7272727272727273
multivitamin-vegan,90 Capsules (30 servings),0724999808378,multivitamin-vegan / 90 Capsules (30 servings),11,14,833.9769696969697,1.2727272727272727
lushprotein-lean-protein-40g-single-serve,40g Sachet / Thai Milk Tea,0724999810463,lushprotein-lean-protein-40g-single-serve / 40g Sachet / Thai Milk Tea,10,11,188.18,1.1
lushprotein-lean-protein-40g-single-serve,1 x 40g Sachet (1 serving) / Thai Milk Tea,0724999810463,lushprotein-lean-protein-40g-single-serve / 1 x 40g Sachet (1 serving) / Thai Milk Tea,10,12,136.87,1.2
lushprotein-lean-protein-40g-single-serve,1 x 40g Sachet (1 serving) / Taro,0724999810470,lushprotein-lean-protein-40g-single-serve / 1 x 40g Sachet (1 serving) / Taro,10,12,118.94,1.2
better-whey,500g Pack / Vanilla,724999808903.0,better-whey / 500g Pack / Vanilla,10,10,335.36,1.0
super-omega-3,60 Capsules,724999807555.0,super-omega-3 / 60 Capsules,10,15,947.0042424242424,1.5
multivitamin-vegan,90 Capsules,724999808378.0,multivitamin-vegan / 90 Capsules,10,12,1043.9933333333333,1.2
clear-protein,500g Pack (20 Servings) / White Grape,724999807807.0,clear-protein / 500g Pack (20 Servings) / White Grape,9,9,496.29090909090905,1.0
super-omega-3,60 Softgels,CAP-OMG-BOTTLE-V1,super-omega-3 / 60 Softgels,9,14,541.09,1.5555555555555556
prime-whey-isolate,Cocoa Dinosaur,0724999807791,prime-whey-isolate / Cocoa Dinosaur,9,9,1496.2918181818181,1.0
better-whey,1kg Pack (40 servings) / Mango,724999807951.0,better-whey / 1kg Pack (40 servings) / Mango,9,9,764.3199999999999,1.0
better-whey,1kg Pack (40 servings) / Teh Tarik,724999808422.0,better-whey / 1kg Pack (40 servings) / Teh Tarik,9,10,635.87,1.1111111111111112
prime-whey-isolate,1kg Pack (40 servings) / Matchawhey,724999807777.0,prime-whey-isolate / 1kg Pack (40 servings) / Matchawhey,9,11,1129.1100000000001,1.2222222222222223
clear-protein,2 x 500g Pack (40 servings) *MOST POPULAR* / Peach,CLEAR-PEA-500G-2BL-V2,clear-protein / 2 x 500g Pack (40 servings) *MOST POPULAR* / Peach,9,12,1492.33,1.3333333333333333
micronized-creatine-monohydrate,2 x 250g Pack (100 servings) *Most Popular*,CRE-UNF-250G-2BL-V1,micronized-creatine-monohydrate / 2 x 250g Pack (100 servings) *Most Popular*,9,12,550.24,1.3333333333333333
discovery-sampler,6 Sachets Variety,BND-SS-MIX6-V1,discovery-sampler / 6 Sachets Variety,9,34,1124.8,3.7777777777777777
prime-whey-isolate,Natural (Unflavored),0724999807760,prime-whey-isolate / Natural (Unflavored),9,9,1820.450606060606,1.0
better-whey,1KG Pack / Vanilla,0724999807913,better-whey / 1KG Pack / Vanilla,9,9,1099.72,1.0
collagen-glow,2 x 300g packs (60 servings) *Most Popular*,COL-UNF-300G-2BL-V1,collagen-glow / 2 x 300g packs (60 servings) *Most Popular*,9,13,898.33,1.4444444444444444
pureburn-fat-burner-capsules,90 Tablets,CAP-PBT-BOTTLE-V1,pureburn-fat-burner-capsules / 90 Tablets,9,20,2186.56,2.2222222222222223
clear-protein,500g Pack (20 Servings) / Peach,0724999807814,clear-protein / 500g Pack (20 Servings) / Peach,9,9,499.5181818181818,1.0
clear-protein,500g Pack (20 Servings) / White Grape,0724999807807,clear-protein / 500g Pack (20 Servings) / White Grape,8,8,442.24545454545455,1.0
lushprotein-lean-protein-40g-single-serve,1 x 40g Sachet (1 serving) / Taro,LEAN-TAR-40G-V1,lushprotein-lean-protein-40g-single-serve / 1 x 40g Sachet (1 serving) / Taro,8,15,174.12,1.875
lean-protein,1kg Pack (40 servings) / Taro,0724999807708,lean-protein / 1kg Pack (40 servings) / Taro,8,8,512.8,1.0
better-whey,500g Pack / Matchawhey,724999808941.0,better-whey / 500g Pack / Matchawhey,8,8,296.17,1.0
plant-protein,480g Pack (16 servings) / Vanilla,724999808613.0,plant-protein / 480g Pack (16 servings) / Vanilla,8,13,666.9706060606061,1.625
clear-protein,500g Pack (20 Servings) / Peach,724999807814.0,clear-protein / 500g Pack (20 Servings) / Peach,8,8,368.96363636363634,1.0
pureburn-fat-burner-capsules,90 Capsules (90 servings),0724999807562,pureburn-fat-burner-capsules / 90 Capsules (90 servings),8,8,357.8848484848485,1.0
lushprotein-lean-protein-40g-single-serve,40g Sachet / Taro,0724999810470,lushprotein-lean-protein-40g-single-serve / 40g Sachet / Taro,8,8,37.2,1.0
plant-protein,480g Pack (16 servings) / Natural (Unflavoured),724999808620.0,plant-protein / 480g Pack (16 servings) / Natural (Unflavoured),8,9,415.89727272727276,1.125
clear-protein-25g-single-sachet,1 x 25g (1 serving) / White Grape,CLEAR-GRA-25G-V2,clear-protein-25g-single-sachet / 1 x 25g (1 serving) / White Grape,8,19,122.96000000000001,2.375
better-whey,500g Pack (20 servings) / Cocoa Dinosaur,724999808897.0,better-whey / 500g Pack (20 servings) / Cocoa Dinosaur,8,11,398.85515151515153,1.375
lean-protein,2 x 1kg Packs (50 servings) *MOST POPULAR* / Taro,0724999807822_2,lean-protein / 2 x 1kg Packs (50 servings) *MOST POPULAR* / Taro,7,8,772.76,1.1428571428571428
lushprotein-lean-protein-40g-single-serve,5 x 40g Sachet (5 servings) *Most Popular* / Taro,LEAN-TAR-40G-5PK-V1,lushprotein-lean-protein-40g-single-serve / 5 x 40g Sachet (5 servings) *Most Popular* / Taro,7,13,308.41999999999996,1.8571428571428572
better-whey,500g Pack (20 servings) / Natural (Unflavoured),0724999808880,better-whey / 500g Pack (20 servings) / Natural (Unflavoured),7,8,745.9424242424242,1.1428571428571428
green-tea-extract-capsules,60 Capsules,724999807548.0,green-tea-extract-capsules / 60 Capsules,7,9,213.90151515151516,1.2857142857142858
clear-protein,2 x 500g Pack (40 servings) *MOST POPULAR* / Peach,0724999807814_2,clear-protein / 2 x 500g Pack (40 servings) *MOST POPULAR* / Peach,7,9,1083.6,1.2857142857142858
clear-protein,2 x 500g Pack (40 servings) *MOST POPULAR* / White Grape,0724999807807_2,clear-protein / 2 x 500g Pack (40 servings) *MOST POPULAR* / White Grape,7,9,1144.88,1.2857142857142858
better-whey,500g Pack / Matchawhey,0724999808941,better-whey / 500g Pack / Matchawhey,7,7,488.96999999999997,1.0
collagen-glow,2 x 300g packs (60 servings) *Most Popular*,0724999808507_2,collagen-glow / 2 x 300g packs (60 servings) *Most Popular*,7,10,703.18,1.4285714285714286
plant-protein,Vanilla,0724999808613,plant-protein / Vanilla,6,6,777.6075757575758,1.0
better-whey,500g Pack / Teh Tarik,724999808910.0,better-whey / 500g Pack / Teh Tarik,6,7,438.9,1.1666666666666667
better-whey,500g Pack / Teh Tarik,0724999808910,better-whey / 500g Pack / Teh Tarik,6,6,257.36,1.0
lushprotein-lean-protein-40g-single-serve,5 x 40g Sachet (5 servings) *Most Popular* / Thai Milk Tea,LEAN-THA-40G-5PK-V1,lushprotein-lean-protein-40g-single-serve / 5 x 40g Sachet (5 servings) *Most Popular* / Thai Milk Tea,6,13,342.53,2.1666666666666665
better-whey,500g Pack (20 servings) / Vanilla (unsweetened),0724999808903,better-whey / 500g Pack (20 servings) / Vanilla (unsweetened),6,6,264.62,1.0
pureburn-fat-burner-capsules,90 tablets,724999807562.0,pureburn-fat-burner-capsules / 90 tablets,6,6,1008.2,1.0
plant-protein,Cocoa Dinosaur / 480g,0724999808606,plant-protein / Cocoa Dinosaur / 480g,6,6,462.4545454545455,1.0
plant-protein,480g Pack / Vanilla,0724999808613,plant-protein / 480g Pack / Vanilla,6,6,381.30454545454546,1.0
plant-protein,Cocoa Dinosaur,0724999808606,plant-protein / Cocoa Dinosaur,6,6,727.0578787878788,1.0
lean-protein,2 x 1kg Packs (50 servings) *POPULAR* / Taro,0724999807822_2,lean-protein / 2 x 1kg Packs (50 servings) *POPULAR* / Taro,6,6,640.61,1.0
lean-protein,2 x 1kg Packs (50 servings) *MOST POPULAR* / Thai Milk Tea,0724999807821_2,lean-protein / 2 x 1kg Packs (50 servings) *MOST POPULAR* / Thai Milk Tea,6,8,809.17,1.3333333333333333
better-whey,500g (20 servings) / Cocoa Dinosaur,0724999808897,better-whey / 500g (20 servings) / Cocoa Dinosaur,5,10,506.02,2.0
soy-protein-isolate,1KG Pack / Natural (Unflavoured),0724999807845,soy-protein-isolate / 1KG Pack / Natural (Unflavoured),5,5,471.6060606060606,1.0
discovery-sampler,6 Sachets Variety,0724999809610,discovery-sampler / 6 Sachets Variety,5,5,123.71,1.0
pureburn-fat-burner-capsules,90 Capsules (90 servings),724999807562.0,pureburn-fat-burner-capsules / 90 Capsules (90 servings),5,5,285.21818181818185,1.0
clear-protein,4 x 500g Pack (80 servings) / White Grape,0724999807807_4,clear-protein / 4 x 500g Pack (80 servings) / White Grape,5,5,1236.49,1.0
better-whey,500g Pack / Natural (Unflavored),724999808880.0,better-whey / 500g Pack / Natural (Unflavored),5,5,177.8212121212121,1.0
plant-protein,Natural (Unflavored),0724999808620,plant-protein / Natural (Unflavored),5,5,852.5848484848485,1.0
clear-protein-25g-single-sachet,25g Sachet / White Grape,0724999810487,clear-protein-25g-single-sachet / 25g Sachet / White Grape,5,7,67.95,1.4
clear-protein-25g-single-sachet,5 x 25g (5 servings) *MOST POPULAR* / White Grape,CLEAR-GRA-25G-5PK-V2,clear-protein-25g-single-sachet / 5 x 25g (5 servings) *MOST POPULAR* / White Grape,5,13,357.81,2.6
clear-protein-25g-single-sachet,5 x 25g Sachet (5 servings)  *MOST POPULAR* / Peach,0724999810548,clear-protein-25g-single-sachet / 5 x 25g Sachet (5 servings)  *MOST POPULAR* / Peach,5,7,183.2,1.4
better-whey,1kg Pack (40 servings) / Vanilla (Exp Nov23),724999807913.0,better-whey / 1kg Pack (40 servings) / Vanilla (Exp Nov23),5,6,319.2,1.2
better-whey,1kg Pack (40 servings) / Genmai-Roasted Brown Rice,724999808736.0,better-whey / 1kg Pack (40 servings) / Genmai-Roasted Brown Rice,5,5,331.71999999999997,1.0
prime-whey-isolate,1KG Pack / Cocoa-dinosaur,0724999807791,prime-whey-isolate / 1KG Pack / Cocoa-dinosaur,4,4,1599.9,1.0
soy-protein-isolate,4 x 1kg Pack (160 servings) / Unflavoured,SOY-UNF-1KG-4BL-V1,soy-protein-isolate / 4 x 1kg Pack (160 servings) / Unflavoured,4,4,475.34,1.0
plant-protein,480g Pack / Cocoa Dinosaur,0724999808606,plant-protein / 480g Pack / Cocoa Dinosaur,4,4,374.2275757575758,1.0
plant-protein,Natural (Unflavored) / 480g,0724999808620,plant-protein / Natural (Unflavored) / 480g,4,4,193.35454545454547,1.0
super-omega-3,60 Softgels (60 servings),724999807555.0,super-omega-3 / 60 Softgels (60 servings),4,4,265.58060606060604,1.0
clear-protein,4 x 500g Pack (80 servings) / Peach,CLEAR-PEA-500G-4BL-V2,clear-protein / 4 x 500g Pack (80 servings) / Peach,4,4,971.1,1.0
creatine-monohydrate-sachet,1 x 5g (1 servings),CRE-UNF-5G-V1,creatine-monohydrate-sachet / 1 x 5g (1 servings),4,6,101.7,1.5
better-whey,1KG Pack / Natural (Unflavored),0724999807890,better-whey / 1KG Pack / Natural (Unflavored),4,4,489.3,1.0
better-whey,1KG Pack / Teh Tarik,07249998080422,better-whey / 1KG Pack / Teh Tarik,4,4,587.95,1.0
clear-protein-25g-single-sachet,5 x 25g (5 servings) *MOST POPULAR* / Peach,CLEAR-PEA-25G-5PK-V2,clear-protein-25g-single-sachet / 5 x 25g (5 servings) *MOST POPULAR* / Peach,4,10,297.7,2.5
better-whey,500g Pack (20 servings) / Vanilla,0724999808903,better-whey / 500g Pack (20 servings) / Vanilla,4,4,219.3,1.0
clear-protein-25g-single-sachet,1 x 25g Sachet (1 serving) / White Grape,0724999810487,clear-protein-25g-single-sachet / 1 x 25g Sachet (1 serving) / White Grape,4,8,79.77000000000001,2.0
clear-protein-25g-single-sachet,1 x 25g Sachet (1 serving) / Peach,0724999810494,clear-protein-25g-single-sachet / 1 x 25g Sachet (1 serving) / Peach,4,8,73.87,2.0
better-whey,500g Pack / Natural (Unflavoured),0724999808880,better-whey / 500g Pack / Natural (Unflavoured),4,4,288.45181818181817,1.0
better-whey,500g Pack / Vanilla,0724999808903,better-whey / 500g Pack / Vanilla,4,4,353.5,1.0
lean-protein,4 x 1kg Packs (100 servings) / Thai Milk Tea,LEAN-THA-1KG4BL-V1,lean-protein / 4 x 1kg Packs (100 servings) / Thai Milk Tea,4,4,815.72,1.0
lushprotein-lean-protein-40g-single-serve,5 x 40g Sachet (5 servings) *Most Popular* / Thai Milk Tea,0724999810517,lushprotein-lean-protein-40g-single-serve / 5 x 40g Sachet (5 servings) *Most Popular* / Thai Milk Tea,3,5,160.3,1.6666666666666667
prime-whey-isolate,1KG Pack / Cocoa Dinosaur,0724999807791,prime-whey-isolate / 1KG Pack / Cocoa Dinosaur,3,3,473.92727272727274,1.0
clear-protein-25g-single-sachet,25g Sachet / Peach,0724999810494,clear-protein-25g-single-sachet / 25g Sachet / Peach,3,6,29.470000000000002,2.0
prime-whey-isolate,Cocoa Dinosaur / 1kg,0724999807791,prime-whey-isolate / Cocoa Dinosaur / 1kg,3,3,181.72727272727275,1.0
clear-protein,4 x 500g Pack (80 servings) / White Grape,CLEAR-GRA-500G-4BL-V2,clear-protein / 4 x 500g Pack (80 servings) / White Grape,3,3,996.0,1.0
clear-protein,4 x 500g Pack (80 servings) / Peach,0724999807814_4,clear-protein / 4 x 500g Pack (80 servings) / Peach,3,4,987.89,1.3333333333333333
multivitamin-vegan,90 Capsules (30 servings),724999808378.0,multivitamin-vegan / 90 Capsules (30 servings),3,4,260.64,1.3333333333333333
better-whey,500g Pack / Natural (Unflavored),0724999808880,better-whey / 500g Pack / Natural (Unflavored),3,4,1101.59,1.3333333333333333
pureburn-fat-burner-capsules,90 capsules,0724999807562,pureburn-fat-burner-capsules / 90 capsules,3,3,201.36666666666667,1.0
better-whey,1kg (40 servings) / Unflavoured,BET-UNF-1KG-V1,better-whey / 1kg (40 servings) / Unflavoured,3,8,743.74,2.6666666666666665
lushprotein-lean-protein-40g-single-serve,5 x 40g Sachet / Taro,LEAN-TAR-40G-5PK-V1,lushprotein-lean-protein-40g-single-serve / 5 x 40g Sachet / Taro,3,3,160.3,1.0
collagen-glow-10g-single-serve,7 x 10g Sachet (7 servings) *Most Popular*,COL-UNF-10G-7PK-V1,collagen-glow-10g-single-serve / 7 x 10g Sachet (7 servings) *Most Popular*,2,3,63.04,1.5
better-whey,500g Pack (20 servings) / Matchawhey,0724999808941,better-whey / 500g Pack (20 servings) / Matchawhey,2,4,161.56,2.0
prime-whey-isolate,1kg Pack (40 servings) / Matchawhey,0724999807777,prime-whey-isolate / 1kg Pack (40 servings) / Matchawhey,2,3,203.76,1.5
super-omega-3,60 Capsules,0724999807555,super-omega-3 / 60 Capsules,2,2,96.27272727272728,1.0
clear-protein-25g-single-sachet,5 x 25g Sachet (5 servings)  *MOST POPULAR* / White Grape,0724999810531,clear-protein-25g-single-sachet / 5 x 25g Sachet (5 servings)  *MOST POPULAR* / White Grape,2,6,137.39999999999998,3.0
collagen-glow,4 x 300g packs (120 servings),0724999808507_4,collagen-glow / 4 x 300g packs (120 servings),2,2,259.38,1.0
collagen-glow-10g-single-serve,5 x 10g Sachet (5 servings) *Most Popular*,724999809009_5,collagen-glow-10g-single-serve / 5 x 10g Sachet (5 servings) *Most Popular*,2,2,57.85,1.0
green-tea-extract-capsules,60 Capsules,CAP-GTE-BOTTLE-V1,green-tea-extract-capsules / 60 Capsules,2,2,42.94,1.0
multivitamin-vegan,90 Capsules,0724999808378,multivitamin-vegan / 90 Capsules,2,2,212.70666666666665,1.0
lean-protein,4 x 1kg Packs (100 servings) / Taro,LEAN-TAR-1KG-4BL-V1,lean-protein / 4 x 1kg Packs (100 servings) / Taro,2,4,868.88,2.0
multivitamin-vegan,90 capsules,0724999808378,multivitamin-vegan / 90 capsules,2,2,116.69999999999999,1.0
lean-protein,4 x 1kg Packs (100 servings) / Taro,0724999807822_4,lean-protein / 4 x 1kg Packs (100 servings) / Taro,2,3,602.0,1.5
green-tea-extract-capsules,60 Capsules (60 servings),724999807548.0,green-tea-extract-capsules / 60 Capsules (60 servings),2,3,57.18212121212122,1.5
better-whey,1kg Pack (40 servings) / Vanilla (Expiry Sep 2024),0724999807913,better-whey / 1kg Pack (40 servings) / Vanilla (Expiry Sep 2024),1,1,50.92,1.0
better-whey,500g Pack (20 servings) / Vanilla (Expiry Sep 2024),0724999808903,better-whey / 500g Pack (20 servings) / Vanilla (Expiry Sep 2024),1,1,19.0,1.0
lp-fuel-your-journey-sweater,Size M,ACC-SWEATER-M-V1,lp-fuel-your-journey-sweater / Size M,1,1,81.71,1.0
better-whey,500g Pack (20 servings) / Natural (Unflavoured),724999808880.0,better-whey / 500g Pack (20 servings) / Natural (Unflavoured),1,1,27.242424242424246,1.0
better-whey,500g Pack (20 servings) / Matchawhey,724999808941.0,better-whey / 500g Pack (20 servings) / Matchawhey,1,1,33.92,1.0
lp-squeeze-bottle,lime green,ACC-SQB-V1,lp-squeeze-bottle / lime green,1,1,9.48,1.0
better-whey,500g (20 serves) / Unflavoured,0724999808880,better-whey / 500g (20 serves) / Unflavoured,1,1,27.242424242424246,1.0
better-whey,1kg Pack (40 servings) / Vanilla (Unsweetened),0724999807913,better-whey / 1kg Pack (40 servings) / Vanilla (Unsweetened),1,1,239.6,1.0
micronized-creatine-monohydrate,2 x 250g Pack (100 servings) *Most Popular*,0724999807999_2,micronized-creatine-monohydrate / 2 x 250g Pack (100 servings) *Most Popular*,1,1,50.4,1.0
micronized-creatine-monohydrate,4 x 250g Pack (200 servings),0724999807999_4,micronized-creatine-monohydrate / 4 x 250g Pack (200 servings),1,1,108.0,1.0
better-whey,1KG Pack / Vanilla (Exp Nov23),724999807913.0,better-whey / 1KG Pack / Vanilla (Exp Nov23),1,1,39.9,1.0
soy-protein-isolate,2 x 1kg Pack (80 servings) *Most Popular* / Unflavoured,0724999807845_2,soy-protein-isolate / 2 x 1kg Pack (80 servings) *Most Popular* / Unflavoured,1,1,68.0,1.0
soy-protein-isolate,2 x 1kg Pack (80 servings) *Most Popular* / Unflavoured,SOY-UNF-1KG-2BL-V1,soy-protein-isolate / 2 x 1kg Pack (80 servings) *Most Popular* / Unflavoured,1,2,136.0,2.0
soy-protein-isolate,4 x 1kg Pack (160 servings) / Unflavoured,0724999807845_4,soy-protein-isolate / 4 x 1kg Pack (160 servings) / Unflavoured,1,2,258.0,2.0
better-whey,1KG Pack / Teh Tarik,0724999808422,better-whey / 1KG Pack / Teh Tarik,1,1,237.66,1.0
lushprotein-lean-protein-40g-single-serve,5 x 40g Sachet (5 servings) *Most Popular* / Taro,0724999810470_5,lushprotein-lean-protein-40g-single-serve / 5 x 40g Sachet (5 servings) *Most Popular* / Taro,1,1,22.9,1.0
lushprotein-lean-protein-40g-single-serve,5 x 40g Sachet (5 servings) *Most Popular* / Taro,0724999810524,lushprotein-lean-protein-40g-single-serve / 5 x 40g Sachet (5 servings) *Most Popular* / Taro,1,6,251.89999999999998,6.0
better-whey,1KG Pack / Natural/Unflavored,724999807890.0,better-whey / 1KG Pack / Natural/Unflavored,1,1,45.42424242424243,1.0
lushprotein-lean-protein-40g-single-serve,5 x 40g Sachet / Thai Milk Tea,LEAN-THA-40G-5PK-V1,lushprotein-lean-protein-40g-single-serve / 5 x 40g Sachet / Thai Milk Tea,1,1,22.9,1.0
better-whey,1KG Pack / Honeydew,724999807975.0,better-whey / 1KG Pack / Honeydew,1,1,139.8,1.0
lean-protein,40g Sachet (single serve) / Taro,0724999810470,lean-protein / 40g Sachet (single serve) / Taro,1,1,4.9,1.0
creatine-monohydrate-sachet,1 x 5g (1 servings),0724999809603,creatine-monohydrate-sachet / 1 x 5g (1 servings),1,2,17.700000000000003,2.0
micronized-creatine-monohydrate,4 x 250g Pack (200 servings),CRE-UNF-250G-4BL-V1,micronized-creatine-monohydrate / 4 x 250g Pack (200 servings),1,1,108.0,1.0
lean-protein,1 x 1kg Pack / Taro,LEAN-TAR-1KG-V1,lean-protein / 1 x 1kg Pack / Taro,1,1,88.76,1.0
collagen-glow,4 x 300g packs (120 servings),COL-UNF-300G-4BL-V1,collagen-glow / 4 x 300g packs (120 servings),1,2,257.4,2.0
plant-protein,480g Pack / Natural (Unflavoured & Unsweetened),0724999808620,plant-protein / 480g Pack / Natural (Unflavoured & Unsweetened),1,1,48.99,1.0
creatine-monohydrate-sachet,10 x 5g (10 servings) *Most Popular*,0724999809603_10,creatine-monohydrate-sachet / 10 x 5g (10 servings) *Most Popular*,1,1,39.9,1.0
clear-protein-25g-single-sachet,5 x 25g Sachet (5 servings)  *MOST POPULAR* / White Grape,0724999810487_5,clear-protein-25g-single-sachet / 5 x 25g Sachet (5 servings)  *MOST POPULAR* / White Grape,1,1,22.9,1.0
discovery-sampler,5 Sachets Variety,BND-SS-MIX6-V1,discovery-sampler / 5 Sachets Variety,1,39,835.8,39.0
clear-protein-25g-single-sachet,5 x 25g Sachet (5 servings)  *MOST POPULAR* / Peach,0724999810494_5,clear-protein-25g-single-sachet / 5 x 25g Sachet (5 servings)  *MOST POPULAR* / Peach,1,1,45.8,1.0
prime-whey-isolate,1KG Pack / Natural (Unflavoured),0724999807760,prime-whey-isolate / 1KG Pack / Natural (Unflavoured),1,1,479.97,1.0
lushprotein-lean-protein-40g-single-serve,5 x 40g Sachet (5 servings) *Most Popular* / Thai Milk Tea,0724999810463_5,lushprotein-lean-protein-40g-single-serve / 5 x 40g Sachet (5 servings) *Most Popular* / Thai Milk Tea,1,2,68.69999999999999,2.0
clear-protein-25g-single-sachet,5 x 25g (5 servings) *MOST POPULAR* / Peach,0724999810548,clear-protein-25g-single-sachet / 5 x 25g (5 servings) *MOST POPULAR* / Peach,1,1,17.93,1.0
collagen-glow-10g-single-serve,1 x 10g Sachet (1 serving),COL-UNF-10G-V1,collagen-glow-10g-single-serve / 1 x 10g Sachet (1 serving),1,3,23.4,3.0
lean-protein,1 x 1kg Pack / Thai Milk Tea,LEAN-THA-1KG-V1,lean-protein / 1 x 1kg Pack / Thai Milk Tea,1,1,88.76,1.0
lean-protein,1kg Pack (25 serves) / Taro,0724999807822,lean-protein / 1kg Pack (25 serves) / Taro,1,1,59.9,1.0
lean-protein,1kg Pack (40 servings) / Taro,0724999807822,lean-protein / 1kg Pack (40 servings) / Taro,1,1,53.91,1.0
lean-protein,2 x 1kg Packs (50 servings) *POPULAR* / Thai Milk Tea,0724999807821_2,lean-protein / 2 x 1kg Packs (50 servings) *POPULAR* / Thai Milk Tea,1,1,113.0,1.0
clear-protein-25g-single-sachet,1 x 25g (1 serving) / White Grape,0724999810487,clear-protein-25g-single-sachet / 1 x 25g (1 serving) / White Grape,1,1,14.9,1.0
clear-protein-25g-single-sachet,1 x 25g (1 serving) / Peach,0724999810494,clear-protein-25g-single-sachet / 1 x 25g (1 serving) / Peach,1,1,14.9,1.0
prime-whey-isolate,Natural (Unflavored) / 1kg,0724999807760,prime-whey-isolate / Natural (Unflavored) / 1kg,1,1,60.57575757575758,1.0
clear-protein,1 x 500g Pack / White Grape,CLEAR-GRA-500G-V2,clear-protein / 1 x 500g Pack / White Grape,1,1,69.0,1.0
clear-protein-25g-single-sachet,5 x 25g (5 servings) *MOST POPULAR* / White Grape,0724999810531,clear-protein-25g-single-sachet / 5 x 25g (5 servings) *MOST POPULAR* / White Grape,1,1,17.93,1.0
