opportunity,pool,conversion_rate,uplift_per_customer,gross_ltv_uplift_sgd,gross_profit_uplift_sgd
Cross-sell: 10% of 1-product → 2-product (conservative),2963,0.1,59.72541488522123,17696.64043049105,7078.656172196421
Cross-sell: 10% of 1-product → 2-product (potential),2963,0.1,59.72541488522123,17696.64043049105,7078.656172196421
Cross-sell: 5% of 1-product → 3-product (conservative),2963,0.05,299.5630450750011,44380.26512786142,17752.10605114457
Retention win-back (conservative 10%),2967,0.1,343.16766335064335,101817.84571613588,40727.138286454356
Retention win-back (potential 15%),2967,0.15,343.16766335064335,152726.76857420383,61090.70742968153
Sub conversion (conservative 5% of non-subs),12685,0.05,348.343030827829,220936.56730255054,88374.62692102022
Sub conversion (potential 12.5% of non-subs),12685,0.125,348.343030827829,552341.4182563764,220936.56730255057
Marketplace LTV gap (conservative 5% improved),2126,0.05,69.70508186453912,7409.65020220051,2963.860080880204
Marketplace LTV gap (potential 15% improved),2126,0.15,69.70508186453912,22228.950606601524,8891.58024264061
