first_order_sku,second_order_sku,transition_count,first_sku_customers,p_second_given_first
0724999808361|default,clear-protein|Peach,7,36,0.1944
0724999808361|default,collagen-glow|300g Pack (30 servings),7,36,0.1944
0724999808361|default,better-whey|Cocoa Dinosaur,6,36,0.1667
0724999808361|default,clear-protein|White Grape,6,36,0.1667
0724999808361|default,lean-protein|Thai Milk Tea,4,36,0.1111
0724999808361|default,0724999808361|default,3,36,0.0833
0724999808361|default,soy-protein-isolate|Natural (Unflavoured),3,36,0.0833
0724999808361|default,better-whey|Matchawhey,2,36,0.0556
0724999808361|default,plant-protein|Vanilla,2,36,0.0556
0724999808361|default,lean-protein|Taro,2,36,0.0556
0724999808361|default,plant-protein|Natural (Unflavoured),2,36,0.0556
0724999808361|default,prime-whey-isolate|Natural (Unflavoured),1,36,0.0278
0724999808361|default,better-whey|Vanilla (unsweetened),1,36,0.0278
0724999808361|default,pureburn-fat-burner-capsules|90 Tablets (90 servings),1,36,0.0278
0724999808361|default,prime-whey-isolate|Cocoa Dinosaur,1,36,0.0278
0724999808361|default,micronized-creatine-monohydrate|default,1,36,0.0278
0724999808361|default,better-whey|Natural (Unflavoured),1,36,0.0278
0724999808361|default,soy-protein-isolate|Unflavoured,1,36,0.0278
0724999810463|Thai Milk Tea,lean-protein|Thai Milk Tea,10,21,0.4762
0724999810463|Thai Milk Tea,clear-protein|Peach,8,21,0.381
0724999810463|Thai Milk Tea,lushprotein-clear-shaker|White,5,21,0.2381
0724999810463|Thai Milk Tea,0724999810470|Taro,4,21,0.1905
0724999810463|Thai Milk Tea,clear-protein|White Grape,4,21,0.1905
0724999810463|Thai Milk Tea,lean-protein|Taro,4,21,0.1905
0724999810463|Thai Milk Tea,0724999810463|Thai Milk Tea,2,21,0.0952
0724999810463|Thai Milk Tea,nan|default,1,21,0.0476
0724999810463|Thai Milk Tea,collagen-glow|300g,1,21,0.0476
0724999810463|Thai Milk Tea,micronized-creatine-monohydrate|250g (50 servings),1,21,0.0476
0724999810470|Taro,clear-protein|Peach,7,16,0.4375
0724999810470|Taro,lean-protein|Thai Milk Tea,7,16,0.4375
0724999810470|Taro,lean-protein|Taro,5,16,0.3125
0724999810470|Taro,clear-protein|White Grape,3,16,0.1875
0724999810470|Taro,lushprotein-clear-shaker|White,3,16,0.1875
0724999810470|Taro,0724999810463|Thai Milk Tea,2,16,0.125
0724999810470|Taro,0724999810470|Taro,2,16,0.125
0724999810470|Taro,collagen-glow|300g,1,16,0.0625
0724999810470|Taro,micronized-creatine-monohydrate|250g (50 servings),1,16,0.0625
better-whey|Cocoa Dinosaur,better-whey|Cocoa Dinosaur,38,90,0.4222
better-whey|Cocoa Dinosaur,nan|default,12,90,0.1333
better-whey|Cocoa Dinosaur,better-whey|Matchawhey,10,90,0.1111
better-whey|Cocoa Dinosaur,lean-protein|Thai Milk Tea,6,90,0.0667
better-whey|Cocoa Dinosaur,better-whey|Teh Tarik,5,90,0.0556
better-whey|Cocoa Dinosaur,micronized-creatine-monohydrate|default,4,90,0.0444
better-whey|Cocoa Dinosaur,clear-protein|Peach,4,90,0.0444
better-whey|Cocoa Dinosaur,better-whey|Mango,3,90,0.0333
better-whey|Cocoa Dinosaur,lushprotein-clear-shaker|default,3,90,0.0333
better-whey|Cocoa Dinosaur,better-whey|Unflavoured,3,90,0.0333
better-whey|Cocoa Dinosaur,0724999808361|default,2,90,0.0222
better-whey|Cocoa Dinosaur,lean-protein|Taro,2,90,0.0222
better-whey|Cocoa Dinosaur,better-whey|Natural (Unflavored),2,90,0.0222
better-whey|Cocoa Dinosaur,clear-protein|White Grape,2,90,0.0222
better-whey|Cocoa Dinosaur,prime-whey-isolate|1kg,2,90,0.0222
better-whey|Cocoa Dinosaur,better-whey|Natural (Unflavoured),2,90,0.0222
better-whey|Cocoa Dinosaur,collagen-glow|Unflavoured,2,90,0.0222
better-whey|Cocoa Dinosaur,0724999807951|Mango,2,90,0.0222
better-whey|Cocoa Dinosaur,plant-protein|480g,1,90,0.0111
better-whey|Cocoa Dinosaur,super-omega-3|60 Capsules,1,90,0.0111
better-whey|Cocoa Dinosaur,0724999808736|Genmai-Roasted Brown Rice,1,90,0.0111
better-whey|Cocoa Dinosaur,collagen-glow|300g Pack (30 servings),1,90,0.0111
better-whey|Cocoa Dinosaur,soy-protein-isolate|Natural (Unflavoured),1,90,0.0111
better-whey|Cocoa Dinosaur,multivitamin-vegan|90 capsules,1,90,0.0111
better-whey|Cocoa Dinosaur,plant-protein|Cocoa Dinosaur,1,90,0.0111
better-whey|Cocoa Dinosaur,plant-protein|Vanilla,1,90,0.0111
better-whey|Cocoa Dinosaur,green-tea-extract-capsules|60 Capsules (60 servings),1,90,0.0111
better-whey|Cocoa Dinosaur,pureburn-fat-burner-capsules|90 Tablets (90 servings),1,90,0.0111
better-whey|Cocoa Dinosaur,0724999807913|Vanilla,1,90,0.0111
better-whey|Cocoa Dinosaur,07249998080422|Teh Tarik,1,90,0.0111
better-whey|Cocoa Dinosaur,lushprotein-lean-protein-40g-single-serve|Taro,1,90,0.0111
better-whey|Cocoa Dinosaur,724999807913.0|Vanilla,1,90,0.0111
better-whey|Cocoa Dinosaur,7249998080422.0|Teh Tarik,1,90,0.0111
better-whey|Cocoa Dinosaur,724999807951.0|Mango,1,90,0.0111
better-whey|Cocoa Dinosaur,0724999809566|default,1,90,0.0111
better-whey|Cocoa Dinosaur,prime-whey-isolate|Cocoa Dinosaur,1,90,0.0111
better-whey|Cocoa Dinosaur,0724999808903|Vanilla (unsweetened),1,90,0.0111
better-whey|Cocoa Dinosaur,pureburn-fat-burner-capsules|90 Capsules (90 servings),1,90,0.0111
better-whey|Cocoa Dinosaur,lean-protein-peach-oolong-pre-order|Peach Oolong,1,90,0.0111
better-whey|Cocoa Dinosaur,micronized-creatine-monohydrate|250g (50 servings),1,90,0.0111
better-whey|Cocoa Dinosaur,collagen-glow|1 x 300g pack (30 servings),1,90,0.0111
better-whey|Matchawhey,better-whey|Matchawhey,13,34,0.3824
better-whey|Matchawhey,nan|default,5,34,0.1471
better-whey|Matchawhey,better-whey|Cocoa Dinosaur,5,34,0.1471
better-whey|Matchawhey,soy-protein-isolate|Unflavoured,2,34,0.0588
better-whey|Matchawhey,clear-protein|White Grape,2,34,0.0588
better-whey|Matchawhey,soy-protein-isolate|Natural (Unflavoured),2,34,0.0588
better-whey|Matchawhey,better-whey|Vanilla,2,34,0.0588
better-whey|Matchawhey,micronized-creatine-monohydrate|default,2,34,0.0588
better-whey|Matchawhey,better-whey|Natural (Unflavoured),2,34,0.0588
better-whey|Matchawhey,724999807913.0|Vanilla,2,34,0.0588
better-whey|Matchawhey,lushprotein-clear-shaker|default,2,34,0.0588
better-whey|Matchawhey,plant-protein|Cocoa Dinosaur,1,34,0.0294
better-whey|Matchawhey,better-whey|Genmai-Roasted Brown Rice,1,34,0.0294
better-whey|Matchawhey,better-whey|Vanilla (unsweetened),1,34,0.0294
better-whey|Matchawhey,lean-protein|Thai Milk Tea,1,34,0.0294
better-whey|Matchawhey,better-whey|Mango,1,34,0.0294
better-whey|Matchawhey,clear-protein|Peach,1,34,0.0294
better-whey|Matchawhey,724999808361.0|default,1,34,0.0294
better-whey|Matchawhey,0724999808705|Vanilla,1,34,0.0294
better-whey|Matchawhey,0724999808361|default,1,34,0.0294
better-whey|Matchawhey,724999807876.0|Natural (Unflavoured),1,34,0.0294
better-whey|Matchawhey,724999807913.0|Vanilla (Exp. Nov23),1,34,0.0294
better-whey|Matchawhey,micronized-creatine-monohydrate|1 x 250g Pack (50 servings),1,34,0.0294
better-whey|Matchawhey,collagen-glow|Unflavoured,1,34,0.0294
better-whey|Matchawhey,micronized-creatine-monohydrate|250g (50 servings),1,34,0.0294
better-whey|Natural (Unflavoured),better-whey|Natural (Unflavoured),12,35,0.3429
better-whey|Natural (Unflavoured),better-whey|Cocoa Dinosaur,7,35,0.2
better-whey|Natural (Unflavoured),better-whey|Unflavoured,5,35,0.1429
better-whey|Natural (Unflavoured),clear-protein|White Grape,4,35,0.1143
better-whey|Natural (Unflavoured),clear-protein|Peach,3,35,0.0857
better-whey|Natural (Unflavoured),plant-protein|Vanilla,3,35,0.0857
better-whey|Natural (Unflavoured),micronized-creatine-monohydrate|default,3,35,0.0857
better-whey|Natural (Unflavoured),collagen-glow|300g Pack (30 servings),2,35,0.0571
better-whey|Natural (Unflavoured),soy-protein-isolate|Natural (Unflavoured),2,35,0.0571
better-whey|Natural (Unflavoured),collagen-glow|Natural (Unflavoured),2,35,0.0571
better-whey|Natural (Unflavoured),lushprotein-clear-shaker|default,2,35,0.0571
better-whey|Natural (Unflavoured),collagen-glow|300g Pack,1,35,0.0286
better-whey|Natural (Unflavoured),nan|default,1,35,0.0286
better-whey|Natural (Unflavoured),better-whey|Natural (Unflavored),1,35,0.0286
better-whey|Natural (Unflavoured),prime-whey-isolate|Cocoa Dinosaur,1,35,0.0286
better-whey|Natural (Unflavoured),lean-protein|Thai Milk Tea,1,35,0.0286
better-whey|Natural (Unflavoured),better-whey|Vanilla (unsweetened),1,35,0.0286
better-whey|Natural (Unflavoured),0724999808361|default,1,35,0.0286
better-whey|Natural (Unflavoured),lushprotein-clear-shaker|White,1,35,0.0286
better-whey|Natural (Unflavoured),soy-protein-isolate|Unflavoured,1,35,0.0286
better-whey|Natural (Unflavoured),plant-protein|Natural (Unflavoured),1,35,0.0286
better-whey|Natural (Unflavoured),prime-whey-isolate|Natural (Unflavoured),1,35,0.0286
better-whey|Natural (Unflavoured),0724999807951|Mango,1,35,0.0286
better-whey|Natural (Unflavoured),0724999808903|Vanilla (unsweetened),1,35,0.0286
better-whey|Natural (Unflavoured),better-whey|Matchawhey,1,35,0.0286
better-whey|Natural (Unflavoured),lean-protein-peach-oolong-pre-order|Peach Oolong,1,35,0.0286
better-whey|Natural (Unflavoured),micronized-creatine-monohydrate|250g (50 servings),1,35,0.0286
better-whey|Natural (Unflavoured),collagen-glow|300g,1,35,0.0286
better-whey|Teh Tarik,better-whey|Teh Tarik,7,18,0.3889
better-whey|Teh Tarik,better-whey|Cocoa Dinosaur,4,18,0.2222
better-whey|Teh Tarik,better-whey|Vanilla,4,18,0.2222
better-whey|Teh Tarik,better-whey|Matchawhey,2,18,0.1111
better-whey|Teh Tarik,collagen-glow|300g Pack,2,18,0.1111
better-whey|Teh Tarik,724999809146.0|500g (40 servings),2,18,0.1111
better-whey|Teh Tarik,better-whey|Genmai-Roasted Brown Rice,1,18,0.0556
better-whey|Teh Tarik,better-whey|Vanilla (unsweetened),1,18,0.0556
better-whey|Teh Tarik,clear-protein|White Grape,1,18,0.0556
better-whey|Teh Tarik,lean-protein|Thai Milk Tea,1,18,0.0556
better-whey|Teh Tarik,soy-protein-isolate|Natural (Unflavoured),1,18,0.0556
better-whey|Teh Tarik,nan|default,1,18,0.0556
better-whey|Teh Tarik,prime-whey-isolate|Cocoa Dinosaur,1,18,0.0556
better-whey|Teh Tarik,super-omega-3|60 Softgels (60 servings),1,18,0.0556
better-whey|Teh Tarik,724999808699.0|Belgian Choc,1,18,0.0556
better-whey|Teh Tarik,lean-protein-peach-oolong-pre-order|Peach Oolong,1,18,0.0556
better-whey|Teh Tarik,better-whey|Mango,1,18,0.0556
better-whey|Vanilla,better-whey|Vanilla,5,16,0.3125
better-whey|Vanilla,better-whey|Cocoa Dinosaur,3,16,0.1875
better-whey|Vanilla,better-whey|Vanilla (unsweetened),3,16,0.1875
better-whey|Vanilla,nan|default,3,16,0.1875
better-whey|Vanilla,soy-protein-isolate|Natural (Unflavoured),2,16,0.125
better-whey|Vanilla,better-whey|Matchawhey,2,16,0.125
better-whey|Vanilla,better-whey|Genmai-Roasted Brown Rice,1,16,0.0625
better-whey|Vanilla,clear-protein|White Grape,1,16,0.0625
better-whey|Vanilla,lean-protein|Thai Milk Tea,1,16,0.0625
better-whey|Vanilla,724999809146.0|500g (40 servings),1,16,0.0625
better-whey|Vanilla,collagen-glow|300g Pack,1,16,0.0625
better-whey|Vanilla,better-whey|Vanilla (Exp Nov 2023),1,16,0.0625
better-whey|Vanilla,plant-protein|480g,1,16,0.0625
better-whey|Vanilla,0724999808361|default,1,16,0.0625
clear-protein-25g-single-sachet|Peach,lean-protein|Thai Milk Tea,6,25,0.24
clear-protein-25g-single-sachet|Peach,lean-protein|Taro,6,25,0.24
clear-protein-25g-single-sachet|Peach,lushprotein-clear-shaker|White,5,25,0.2
clear-protein-25g-single-sachet|Peach,lushprotein-lean-protein-40g-single-serve|Thai Milk Tea,5,25,0.2
clear-protein-25g-single-sachet|Peach,clear-protein|White Grape,4,25,0.16
clear-protein-25g-single-sachet|Peach,clear-protein|Peach,4,25,0.16
clear-protein-25g-single-sachet|Peach,lushprotein-lean-protein-40g-single-serve|Taro,4,25,0.16
clear-protein-25g-single-sachet|Peach,nan|default,3,25,0.12
clear-protein-25g-single-sachet|Peach,clear-protein-25g-single-sachet|White Grape,2,25,0.08
clear-protein-25g-single-sachet|Peach,creatine-monohydrate-sachet|10 x 5g (10 servings) *Most Po,2,25,0.08
clear-protein-25g-single-sachet|Peach,discovery-sampler|6 Sachets Variety,1,25,0.04
clear-protein-25g-single-sachet|Peach,micronized-creatine-monohydrate|1 x 250g Pack (50 servings),1,25,0.04
clear-protein-25g-single-sachet|Peach,clear-protein-25g-single-sachet|Peach,1,25,0.04
clear-protein-25g-single-sachet|Peach,multivitamin-vegan|default,1,25,0.04
clear-protein-25g-single-sachet|White Grape,lean-protein|Thai Milk Tea,10,28,0.3571
clear-protein-25g-single-sachet|White Grape,lean-protein|Taro,6,28,0.2143
clear-protein-25g-single-sachet|White Grape,nan|default,5,28,0.1786
clear-protein-25g-single-sachet|White Grape,clear-protein|Peach,4,28,0.1429
clear-protein-25g-single-sachet|White Grape,lushprotein-clear-shaker|White,4,28,0.1429
clear-protein-25g-single-sachet|White Grape,lushprotein-lean-protein-40g-single-serve|Thai Milk Tea,4,28,0.1429
clear-protein-25g-single-sachet|White Grape,lushprotein-lean-protein-40g-single-serve|Taro,3,28,0.1071
clear-protein-25g-single-sachet|White Grape,clear-protein|White Grape,2,28,0.0714
clear-protein-25g-single-sachet|White Grape,clear-protein-25g-single-sachet|White Grape,2,28,0.0714
clear-protein-25g-single-sachet|White Grape,clear-protein-25g-single-sachet|Peach,2,28,0.0714
clear-protein-25g-single-sachet|White Grape,creatine-monohydrate-sachet|10 x 5g (10 servings) *Most Po,1,28,0.0357
clear-protein-25g-single-sachet|White Grape,micronized-creatine-monohydrate|1 x 250g Pack (50 servings),1,28,0.0357
clear-protein-25g-single-sachet|White Grape,multivitamin-vegan|default,1,28,0.0357
clear-protein|Peach,clear-protein|Peach,85,182,0.467
clear-protein|Peach,clear-protein|White Grape,45,182,0.2473
clear-protein|Peach,lean-protein|Thai Milk Tea,35,182,0.1923
clear-protein|Peach,lushprotein-clear-shaker|White,25,182,0.1374
clear-protein|Peach,lean-protein|Taro,18,182,0.0989
clear-protein|Peach,lean-protein-peach-oolong-pre-order|Peach Oolong,10,182,0.0549
clear-protein|Peach,micronized-creatine-monohydrate|default,9,182,0.0495
clear-protein|Peach,collagen-glow|300g Pack (30 servings),8,182,0.044
clear-protein|Peach,0724999808361|default,6,182,0.033
clear-protein|Peach,better-whey|Cocoa Dinosaur,5,182,0.0275
clear-protein|Peach,lushprotein-clear-shaker|default,4,182,0.022
clear-protein|Peach,micronized-creatine-monohydrate|1 x 250g Pack (50 servings),4,182,0.022
clear-protein|Peach,plant-protein|Vanilla,3,182,0.0165
clear-protein|Peach,collagen-glow|Natural (Unflavoured),3,182,0.0165
clear-protein|Peach,collagen-glow|Unflavoured,3,182,0.0165
clear-protein|Peach,soy-protein-isolate|Unflavoured,3,182,0.0165
clear-protein|Peach,lushprotein-lean-protein-40g-single-serve|Thai Milk Tea,3,182,0.0165
clear-protein|Peach,discovery-sampler|6 Sachets Variety,3,182,0.0165
clear-protein|Peach,0724999810463|Thai Milk Tea,2,182,0.011
clear-protein|Peach,soy-protein-isolate|Natural (Unflavoured),2,182,0.011
clear-protein|Peach,lp-tote-bag-fuel-your-journey|default,2,182,0.011
clear-protein|Peach,0724999807951|Mango,2,182,0.011
clear-protein|Peach,collagen-glow|300g,2,182,0.011
clear-protein|Peach,lushprotein-lean-protein-40g-single-serve|Taro,2,182,0.011
clear-protein|Peach,better-whey|Genmai-Roasted Brown Rice,1,182,0.0055
clear-protein|Peach,better-whey|Vanilla,1,182,0.0055
clear-protein|Peach,pureburn-fat-burner-capsules|90 Tablets (90 servings),1,182,0.0055
clear-protein|Peach,0724999808705|Vanilla,1,182,0.0055
clear-protein|Peach,plant-protein|Natural (Unflavoured),1,182,0.0055
clear-protein|Peach,0724999807913|Vanilla (unsweetened),1,182,0.0055
clear-protein|Peach,better-whey|Matchawhey,1,182,0.0055
clear-protein|Peach,lushprotein-logo-white-cap|default,1,182,0.0055
clear-protein|Peach,HS00833-L|L,1,182,0.0055
clear-protein|Peach,green-tea-extract-capsules|60 Capsules,1,182,0.0055
clear-protein|Peach,pureburn-fat-burner-capsules|90 Tablets,1,182,0.0055
clear-protein|Peach,0724999810470|Taro,1,182,0.0055
clear-protein|Peach,plant-protein|Cocoa Dinosaur,1,182,0.0055
clear-protein|Peach,micronized-creatine-monohydrate|250g (50 serves),1,182,0.0055
clear-protein|Peach,sg-june-2025-victory-tag-delivery|default,1,182,0.0055
clear-protein|Peach,collagen-glow|1 x 300g pack (30 servings),1,182,0.0055
clear-protein|Peach,collagen-glow-10g-single-serve|5 x 10g Sachet (5 servings) *M,1,182,0.0055
clear-protein|Peach,collagen-glow|4 x 300g packs (120 servings),1,182,0.0055
clear-protein|Peach,better-whey|Unflavoured,1,182,0.0055
clear-protein|Peach,nan|default,1,182,0.0055
clear-protein|Peach,creatine-monohydrate-sachet|10 x 5g (10 servings) *Most Po,1,182,0.0055
clear-protein|Peach,clear-protein-25g-single-sachet|Peach,1,182,0.0055
clear-protein|Peach,clear-protein-25g-single-sachet|White Grape,1,182,0.0055
clear-protein|White Grape,clear-protein|White Grape,50,136,0.3676
clear-protein|White Grape,clear-protein|Peach,47,136,0.3456
clear-protein|White Grape,lean-protein|Thai Milk Tea,23,136,0.1691
clear-protein|White Grape,lushprotein-clear-shaker|White,20,136,0.1471
clear-protein|White Grape,lean-protein|Taro,13,136,0.0956
clear-protein|White Grape,collagen-glow|300g Pack (30 servings),8,136,0.0588
clear-protein|White Grape,0724999808361|default,6,136,0.0441
clear-protein|White Grape,micronized-creatine-monohydrate|1 x 250g Pack (50 servings),6,136,0.0441
clear-protein|White Grape,collagen-glow|300g,5,136,0.0368
clear-protein|White Grape,better-whey|Cocoa Dinosaur,4,136,0.0294
clear-protein|White Grape,lean-protein-peach-oolong-pre-order|Peach Oolong,4,136,0.0294
clear-protein|White Grape,clear-protein-25g-single-sachet|Peach,4,136,0.0294
clear-protein|White Grape,lushprotein-lean-protein-40g-single-serve|Taro,4,136,0.0294
clear-protein|White Grape,lushprotein-clear-shaker|default,3,136,0.0221
clear-protein|White Grape,lushprotein-lean-protein-40g-single-serve|Thai Milk Tea,3,136,0.0221
clear-protein|White Grape,discovery-sampler|6 Sachets Variety,3,136,0.0221
clear-protein|White Grape,micronized-creatine-monohydrate|default,3,136,0.0221
clear-protein|White Grape,pureburn-fat-burner-capsules|90 Tablets (90 servings),2,136,0.0147
clear-protein|White Grape,plant-protein|Natural (Unflavoured),2,136,0.0147
clear-protein|White Grape,clear-protein-25g-single-sachet|White Grape,2,136,0.0147
clear-protein|White Grape,better-whey|Matchawhey,2,136,0.0147
clear-protein|White Grape,collagen-glow|Natural (Unflavoured),2,136,0.0147
clear-protein|White Grape,micronized-creatine-monohydrate|250g (50 servings),2,136,0.0147
clear-protein|White Grape,soy-protein-isolate|Unflavoured,2,136,0.0147
clear-protein|White Grape,creatine-monohydrate-sachet|10 x 5g (10 servings) *Most Po,2,136,0.0147
clear-protein|White Grape,0724999810463|Thai Milk Tea,1,136,0.0074
clear-protein|White Grape,prime-whey-isolate|Matchawhey,1,136,0.0074
clear-protein|White Grape,better-whey|Genmai-Roasted Brown Rice,1,136,0.0074
clear-protein|White Grape,better-whey|Vanilla,1,136,0.0074
clear-protein|White Grape,multivitamin-vegan|90 Capsules (30 servings),1,136,0.0074
clear-protein|White Grape,lp-tote-bag-fuel-your-journey|default,1,136,0.0074
clear-protein|White Grape,collagen-glow|1 x 300g pack (30 servings),1,136,0.0074
clear-protein|White Grape,0724999807913|Vanilla (unsweetened),1,136,0.0074
clear-protein|White Grape,0724999807951|Mango,1,136,0.0074
clear-protein|White Grape,lushprotein-logo-white-cap|default,1,136,0.0074
clear-protein|White Grape,soy-protein-isolate|Natural (Unflavoured),1,136,0.0074
clear-protein|White Grape,better-whey|Natural (Unflavoured),1,136,0.0074
clear-protein|White Grape,micronized-creatine-monohydrate|250g (50 serves),1,136,0.0074
clear-protein|White Grape,sg-june-2025-victory-tag-delivery|default,1,136,0.0074
clear-protein|White Grape,collagen-glow-10g-single-serve|5 x 10g Sachet (5 servings) *M,1,136,0.0074
clear-protein|White Grape,collagen-glow|4 x 300g packs (120 servings),1,136,0.0074
clear-protein|White Grape,better-whey|Unflavoured,1,136,0.0074
clear-protein|White Grape,nan|default,1,136,0.0074
clear-protein|White Grape,discovery-sampler|5 Sachets Variety,1,136,0.0074
collagen-glow|1 x 300g pack (30 servings),collagen-glow|1 x 300g pack (30 servings),7,14,0.5
collagen-glow|1 x 300g pack (30 servings),nan|default,3,14,0.2143
collagen-glow|1 x 300g pack (30 servings),lean-protein|Thai Milk Tea,3,14,0.2143
collagen-glow|1 x 300g pack (30 servings),lushprotein-clear-shaker|White,2,14,0.1429
collagen-glow|1 x 300g pack (30 servings),lean-protein|Taro,2,14,0.1429
collagen-glow|1 x 300g pack (30 servings),micronized-creatine-monohydrate|1 x 250g Pack (50 servings),1,14,0.0714
collagen-glow|300g,collagen-glow|1 x 300g pack (30 servings),4,12,0.3333
collagen-glow|300g,lean-protein|Taro,3,12,0.25
collagen-glow|300g,lean-protein|Thai Milk Tea,2,12,0.1667
collagen-glow|300g,clear-protein|Peach,2,12,0.1667
collagen-glow|300g,multivitamin-vegan|default,1,12,0.0833
collagen-glow|300g,lean-protein-peach-oolong-pre-order|Peach Oolong,1,12,0.0833
collagen-glow|300g,micronized-creatine-monohydrate|1 x 250g Pack (50 servings),1,12,0.0833
collagen-glow|300g,collagen-glow|300g,1,12,0.0833
collagen-glow|300g,soy-protein-isolate|Unflavoured,1,12,0.0833
collagen-glow|300g,pureburn-fat-burner-capsules|90 Tablets,1,12,0.0833
collagen-glow|300g,collagen-glow-10g-single-serve|5 x 10g Sachet (5 servings) *M,1,12,0.0833
collagen-glow|300g,collagen-glow|4 x 300g packs (120 servings),1,12,0.0833
collagen-glow|300g Pack,collagen-glow|300g Pack,17,38,0.4474
collagen-glow|300g Pack,collagen-glow|Natural (Unflavoured),7,38,0.1842
collagen-glow|300g Pack,nan|default,4,38,0.1053
collagen-glow|300g Pack,lean-protein|Thai Milk Tea,3,38,0.0789
collagen-glow|300g Pack,collagen-glow|300g Pack (30 servings),3,38,0.0789
collagen-glow|300g Pack,724999809146.0|500g (40 servings),2,38,0.0526
collagen-glow|300g Pack,lushprotein-clear-shaker|default,2,38,0.0526
collagen-glow|300g Pack,green-tea-extract-capsules|60 Capsules (60 servings),1,38,0.0263
collagen-glow|300g Pack,pureburn-fat-burner-capsules|90 Tablets (90 servings),1,38,0.0263
collagen-glow|300g Pack,better-whey|Matchawhey,1,38,0.0263
collagen-glow|300g Pack,collagen-glow|1 x 300g pack (30 servings),1,38,0.0263
collagen-glow|300g Pack,724999808699.0|Belgian Choc,1,38,0.0263
collagen-glow|300g Pack,better-whey|Vanilla,1,38,0.0263
collagen-glow|300g Pack,724999807876.0|Natural (Unflavoured),1,38,0.0263
collagen-glow|300g Pack,prime-whey-isolate|Cocoa Dinosaur,1,38,0.0263
collagen-glow|300g Pack,prime-whey-isolate|Natural (Unflavoured),1,38,0.0263
collagen-glow|300g Pack,collagen-glow|Unflavoured,1,38,0.0263
collagen-glow|300g Pack,better-whey|Natural (Unflavored),1,38,0.0263
collagen-glow|300g Pack,lushprotein-logo-white-cap|default,1,38,0.0263
collagen-glow|300g Pack,724999808903.0|Vanilla,1,38,0.0263
collagen-glow|300g Pack,prime-whey-isolate|1kg,1,38,0.0263
collagen-glow|300g Pack (30 servings),collagen-glow|300g Pack (30 servings),14,25,0.56
collagen-glow|300g Pack (30 servings),clear-protein|Peach,10,25,0.4
collagen-glow|300g Pack (30 servings),micronized-creatine-monohydrate|default,5,25,0.2
collagen-glow|300g Pack (30 servings),clear-protein|White Grape,4,25,0.16
collagen-glow|300g Pack (30 servings),lean-protein|Thai Milk Tea,4,25,0.16
collagen-glow|300g Pack (30 servings),collagen-glow|300g,3,25,0.12
collagen-glow|300g Pack (30 servings),0724999808361|default,2,25,0.08
collagen-glow|300g Pack (30 servings),lean-protein|Taro,1,25,0.04
collagen-glow|300g Pack (30 servings),plant-protein|Cocoa Dinosaur,1,25,0.04
collagen-glow|300g Pack (30 servings),plant-protein|Natural (Unflavoured),1,25,0.04
collagen-glow|300g Pack (30 servings),pureburn-fat-burner-capsules|90 Tablets (90 servings),1,25,0.04
collagen-glow|300g Pack (30 servings),better-whey|Matchawhey,1,25,0.04
collagen-glow|300g Pack (30 servings),better-whey|Unflavoured,1,25,0.04
collagen-glow|Natural (Unflavoured),collagen-glow|Natural (Unflavoured),16,29,0.5517
collagen-glow|Natural (Unflavoured),lushprotein-clear-shaker|default,5,29,0.1724
collagen-glow|Natural (Unflavoured),collagen-glow|Unflavoured,5,29,0.1724
collagen-glow|Natural (Unflavoured),micronized-creatine-monohydrate|default,4,29,0.1379
collagen-glow|Natural (Unflavoured),better-whey|Natural (Unflavoured),3,29,0.1034
collagen-glow|Natural (Unflavoured),soy-protein-isolate|Natural (Unflavoured),3,29,0.1034
collagen-glow|Natural (Unflavoured),clear-protein|White Grape,3,29,0.1034
collagen-glow|Natural (Unflavoured),collagen-glow|300g,2,29,0.069
collagen-glow|Natural (Unflavoured),plant-protein|Vanilla,2,29,0.069
collagen-glow|Natural (Unflavoured),better-whey|Cocoa Dinosaur,2,29,0.069
collagen-glow|Natural (Unflavoured),lean-protein|Thai Milk Tea,2,29,0.069
collagen-glow|Natural (Unflavoured),better-whey|Unflavoured,1,29,0.0345
collagen-glow|Natural (Unflavoured),0724999807913|Vanilla,1,29,0.0345
collagen-glow|Natural (Unflavoured),pureburn-fat-burner-capsules|90 Capsules (90 servings),1,29,0.0345
collagen-glow|Natural (Unflavoured),0724999809566|default,1,29,0.0345
collagen-glow|Natural (Unflavoured),clear-protein|Peach,1,29,0.0345
collagen-glow|Unflavoured,collagen-glow|Unflavoured,5,12,0.4167
collagen-glow|Unflavoured,clear-protein|Peach,2,12,0.1667
collagen-glow|Unflavoured,collagen-glow|1 x 300g pack (30 servings),1,12,0.0833
collagen-glow|Unflavoured,0724999807708|Taro,1,12,0.0833
collagen-glow|Unflavoured,better-whey|Matchawhey,1,12,0.0833
collagen-glow|Unflavoured,pureburn-fat-burner-capsules|90 Capsules (90 servings),1,12,0.0833
collagen-glow|Unflavoured,clear-protein|White Grape,1,12,0.0833
collagen-glow|Unflavoured,collagen-glow|300g,1,12,0.0833
collagen-glow|Unflavoured,lean-protein-peach-oolong-pre-order|Peach Oolong,1,12,0.0833
collagen-glow|Unflavoured,micronized-creatine-monohydrate|250g (50 servings),1,12,0.0833
creatine-monohydrate-sachet|10 x 5g (10 servings) *Most Po,creatine-monohydrate-sachet|10 x 5g (10 servings) *Most Po,4,11,0.3636
creatine-monohydrate-sachet|10 x 5g (10 servings) *Most Po,lushprotein-lean-protein-40g-single-serve|Taro,2,11,0.1818
creatine-monohydrate-sachet|10 x 5g (10 servings) *Most Po,lean-protein|Thai Milk Tea,2,11,0.1818
creatine-monohydrate-sachet|10 x 5g (10 servings) *Most Po,lushprotein-lean-protein-40g-single-serve|Thai Milk Tea,1,11,0.0909
creatine-monohydrate-sachet|10 x 5g (10 servings) *Most Po,clear-protein|White Grape,1,11,0.0909
creatine-monohydrate-sachet|10 x 5g (10 servings) *Most Po,nan|default,1,11,0.0909
creatine-monohydrate-sachet|10 x 5g (10 servings) *Most Po,lean-protein-peach-oolong-pre-order|Peach Oolong,1,11,0.0909
creatine-monohydrate-sachet|10 x 5g (10 servings) *Most Po,clear-protein|Peach,1,11,0.0909
creatine-monohydrate-sachet|10 x 5g (10 servings) *Most Po,micronized-creatine-monohydrate|1 x 250g Pack (50 servings),1,11,0.0909
creatine-monohydrate-sachet|10 x 5g (10 servings) *Most Po,lean-protein|Taro,1,11,0.0909
lean-protein|Taro,lean-protein|Taro,43,80,0.5375
lean-protein|Taro,lean-protein|Thai Milk Tea,23,80,0.2875
lean-protein|Taro,clear-protein|Peach,13,80,0.1625
lean-protein|Taro,clear-protein|White Grape,8,80,0.1
lean-protein|Taro,lushprotein-clear-shaker|White,7,80,0.0875
lean-protein|Taro,lean-protein-peach-oolong-pre-order|Peach Oolong,4,80,0.05
lean-protein|Taro,nan|default,4,80,0.05
lean-protein|Taro,clear-protein-25g-single-sachet|White Grape,3,80,0.0375
lean-protein|Taro,lushprotein-lean-protein-40g-single-serve|Thai Milk Tea,3,80,0.0375
lean-protein|Taro,micronized-creatine-monohydrate|1 x 250g Pack (50 servings),3,80,0.0375
lean-protein|Taro,green-tea-extract-capsules|60 Capsules,2,80,0.025
lean-protein|Taro,pureburn-fat-burner-capsules|90 Tablets,2,80,0.025
lean-protein|Taro,multivitamin-vegan|default,2,80,0.025
lean-protein|Taro,micronized-creatine-monohydrate|default,1,80,0.0125
lean-protein|Taro,soy-protein-isolate|Unflavoured,1,80,0.0125
lean-protein|Taro,0724999807708|Taro,1,80,0.0125
lean-protein|Taro,collagen-glow|Unflavoured,1,80,0.0125
lean-protein|Taro,plant-protein|Cocoa Dinosaur,1,80,0.0125
lean-protein|Taro,collagen-glow|1 x 300g pack (30 servings),1,80,0.0125
lean-protein|Taro,collagen-glow-10g-single-serve|5 x 10g Sachet (5 servings) *M,1,80,0.0125
lean-protein|Taro,collagen-glow|4 x 300g packs (120 servings),1,80,0.0125
lean-protein|Taro,clear-protein-25g-single-sachet|Peach,1,80,0.0125
lean-protein|Taro,discovery-sampler|6 Sachets Variety,1,80,0.0125
lean-protein|Taro,lushprotein-lean-protein-40g-single-serve|Taro,1,80,0.0125
lean-protein|Taro,super-omega-3|60 Softgels,1,80,0.0125
lean-protein|Thai Milk Tea,lean-protein|Thai Milk Tea,68,144,0.4722
lean-protein|Thai Milk Tea,lean-protein|Taro,32,144,0.2222
lean-protein|Thai Milk Tea,clear-protein|Peach,19,144,0.1319
lean-protein|Thai Milk Tea,lushprotein-clear-shaker|White,18,144,0.125
lean-protein|Thai Milk Tea,clear-protein|White Grape,11,144,0.0764
lean-protein|Thai Milk Tea,micronized-creatine-monohydrate|1 x 250g Pack (50 servings),7,144,0.0486
lean-protein|Thai Milk Tea,clear-protein-25g-single-sachet|White Grape,6,144,0.0417
lean-protein|Thai Milk Tea,lean-protein-peach-oolong-pre-order|Peach Oolong,6,144,0.0417
lean-protein|Thai Milk Tea,micronized-creatine-monohydrate|default,5,144,0.0347
lean-protein|Thai Milk Tea,clear-protein-25g-single-sachet|Peach,5,144,0.0347
lean-protein|Thai Milk Tea,lushprotein-clear-shaker|default,4,144,0.0278
lean-protein|Thai Milk Tea,green-tea-extract-capsules|60 Capsules,4,144,0.0278
lean-protein|Thai Milk Tea,pureburn-fat-burner-capsules|90 Tablets,4,144,0.0278
lean-protein|Thai Milk Tea,plant-protein|Cocoa Dinosaur,4,144,0.0278
lean-protein|Thai Milk Tea,collagen-glow|1 x 300g pack (30 servings),4,144,0.0278
lean-protein|Thai Milk Tea,lushprotein-lean-protein-40g-single-serve|Taro,4,144,0.0278
lean-protein|Thai Milk Tea,lushprotein-lean-protein-40g-single-serve|Thai Milk Tea,3,144,0.0208
lean-protein|Thai Milk Tea,better-whey|Cocoa Dinosaur,3,144,0.0208
lean-protein|Thai Milk Tea,0724999810463|Thai Milk Tea,3,144,0.0208
lean-protein|Thai Milk Tea,collagen-glow|Unflavoured,3,144,0.0208
lean-protein|Thai Milk Tea,collagen-glow|300g Pack (30 servings),2,144,0.0139
lean-protein|Thai Milk Tea,soy-protein-isolate|Natural (Unflavoured),2,144,0.0139
lean-protein|Thai Milk Tea,collagen-glow|300g,2,144,0.0139
lean-protein|Thai Milk Tea,0724999810470|Taro,2,144,0.0139
lean-protein|Thai Milk Tea,soy-protein-isolate|Unflavoured,2,144,0.0139
lean-protein|Thai Milk Tea,0724999807951|Mango,2,144,0.0139
lean-protein|Thai Milk Tea,better-whey|Unflavoured,2,144,0.0139
lean-protein|Thai Milk Tea,plant-protein|Vanilla,2,144,0.0139
lean-protein|Thai Milk Tea,nan|default,2,144,0.0139
lean-protein|Thai Milk Tea,green-tea-extract-capsules|60 Capsules (60 servings),1,144,0.0069
lean-protein|Thai Milk Tea,pureburn-fat-burner-capsules|90 Tablets (90 servings),1,144,0.0069
lean-protein|Thai Milk Tea,plant-protein|Natural (Unflavoured),1,144,0.0069
lean-protein|Thai Milk Tea,better-whey|Matchawhey,1,144,0.0069
lean-protein|Thai Milk Tea,better-whey|Natural (Unflavoured),1,144,0.0069
lean-protein|Thai Milk Tea,micronized-creatine-monohydrate|250g (50 servings),1,144,0.0069
lean-protein|Thai Milk Tea,super-omega-3|60 Softgels,1,144,0.0069
lean-protein|Thai Milk Tea,collagen-glow-10g-single-serve|5 x 10g Sachet (5 servings) *M,1,144,0.0069
lean-protein|Thai Milk Tea,collagen-glow|4 x 300g packs (120 servings),1,144,0.0069
lean-protein|Thai Milk Tea,multivitamin-vegan|default,1,144,0.0069
lean-protein|Thai Milk Tea,micronized-creatine-monohydrate|4 x 250g Pack (200 servings),1,144,0.0069
lushprotein-clear-shaker|White,lean-protein|Thai Milk Tea,39,107,0.3645
lushprotein-clear-shaker|White,lean-protein|Taro,31,107,0.2897
lushprotein-clear-shaker|White,clear-protein|Peach,26,107,0.243
lushprotein-clear-shaker|White,lushprotein-clear-shaker|White,22,107,0.2056
lushprotein-clear-shaker|White,clear-protein|White Grape,12,107,0.1121
lushprotein-clear-shaker|White,micronized-creatine-monohydrate|1 x 250g Pack (50 servings),10,107,0.0935
lushprotein-clear-shaker|White,lean-protein-peach-oolong-pre-order|Peach Oolong,7,107,0.0654
lushprotein-clear-shaker|White,clear-protein-25g-single-sachet|White Grape,6,107,0.0561
lushprotein-clear-shaker|White,nan|default,6,107,0.0561
lushprotein-clear-shaker|White,clear-protein-25g-single-sachet|Peach,6,107,0.0561
lushprotein-clear-shaker|White,lushprotein-lean-protein-40g-single-serve|Thai Milk Tea,5,107,0.0467
lushprotein-clear-shaker|White,0724999810470|Taro,4,107,0.0374
lushprotein-clear-shaker|White,lushprotein-lean-protein-40g-single-serve|Taro,4,107,0.0374
lushprotein-clear-shaker|White,0724999810463|Thai Milk Tea,3,107,0.028
lushprotein-clear-shaker|White,collagen-glow|300g,2,107,0.0187
lushprotein-clear-shaker|White,multivitamin-vegan|default,2,107,0.0187
lushprotein-clear-shaker|White,micronized-creatine-monohydrate|250g (50 serves),1,107,0.0093
lushprotein-clear-shaker|White,green-tea-extract-capsules|60 Capsules,1,107,0.0093
lushprotein-clear-shaker|White,pureburn-fat-burner-capsules|90 Tablets,1,107,0.0093
lushprotein-clear-shaker|White,plant-protein|Cocoa Dinosaur,1,107,0.0093
lushprotein-clear-shaker|White,micronized-creatine-monohydrate|250g (50 servings),1,107,0.0093
lushprotein-clear-shaker|White,soy-protein-isolate|Unflavoured,1,107,0.0093
lushprotein-clear-shaker|White,lp-tote-bag-fuel-your-journey|default,1,107,0.0093
lushprotein-clear-shaker|White,discovery-sampler|6 Sachets Variety,1,107,0.0093
lushprotein-clear-shaker|White,creatine-monohydrate-sachet|10 x 5g (10 servings) *Most Po,1,107,0.0093
lushprotein-clear-shaker|White,micronized-creatine-monohydrate|4 x 250g Pack (200 servings),1,107,0.0093
lushprotein-clear-shaker|White,super-omega-3|60 Softgels,1,107,0.0093
lushprotein-clear-shaker|White,collagen-glow|1 x 300g pack (30 servings),1,107,0.0093
lushprotein-clear-shaker|default,clear-protein|Peach,17,82,0.2073
lushprotein-clear-shaker|default,better-whey|Cocoa Dinosaur,14,82,0.1707
lushprotein-clear-shaker|default,clear-protein|White Grape,10,82,0.122
lushprotein-clear-shaker|default,micronized-creatine-monohydrate|default,9,82,0.1098
lushprotein-clear-shaker|default,lushprotein-clear-shaker|default,8,82,0.0976
lushprotein-clear-shaker|default,soy-protein-isolate|Natural (Unflavoured),6,82,0.0732
lushprotein-clear-shaker|default,prime-whey-isolate|Cocoa Dinosaur,6,82,0.0732
lushprotein-clear-shaker|default,prime-whey-isolate|Natural (Unflavoured),5,82,0.061
lushprotein-clear-shaker|default,collagen-glow|Natural (Unflavoured),5,82,0.061
lushprotein-clear-shaker|default,lean-protein|Thai Milk Tea,5,82,0.061
lushprotein-clear-shaker|default,better-whey|Natural (Unflavoured),3,82,0.0366
lushprotein-clear-shaker|default,collagen-glow|Unflavoured,3,82,0.0366
lushprotein-clear-shaker|default,724999807913.0|Vanilla,2,82,0.0244
lushprotein-clear-shaker|default,better-whey|Matchawhey,2,82,0.0244
lushprotein-clear-shaker|default,0724999807951|Mango,2,82,0.0244
lushprotein-clear-shaker|default,plant-protein|Vanilla,2,82,0.0244
lushprotein-clear-shaker|default,lean-protein-peach-oolong-pre-order|Peach Oolong,2,82,0.0244
lushprotein-clear-shaker|default,nan|default,1,82,0.0122
lushprotein-clear-shaker|default,better-whey|Teh Tarik,1,82,0.0122
lushprotein-clear-shaker|default,collagen-glow|300g Pack (30 servings),1,82,0.0122
lushprotein-clear-shaker|default,plant-protein|Cocoa Dinosaur,1,82,0.0122
lushprotein-clear-shaker|default,collagen-glow|300g Pack,1,82,0.0122
lushprotein-clear-shaker|default,super-omega-3|60 Capsules,1,82,0.0122
lushprotein-clear-shaker|default,better-whey|Unflavored,1,82,0.0122
lushprotein-clear-shaker|default,pureburn-fat-burner-capsules|90 capsules,1,82,0.0122
lushprotein-clear-shaker|default,724999808699.0|Belgian Choc,1,82,0.0122
lushprotein-clear-shaker|default,0724999807876|Natural (Unflavoured),1,82,0.0122
lushprotein-clear-shaker|default,HS00833-L|L,1,82,0.0122
lushprotein-clear-shaker|default,green-tea-extract-capsules|60 Capsules (60 servings),1,82,0.0122
lushprotein-clear-shaker|default,green-tea-extract-capsules|60 Capsules,1,82,0.0122
lushprotein-clear-shaker|default,pureburn-fat-burner-capsules|90 Tablets,1,82,0.0122
lushprotein-clear-shaker|default,plant-protein|Natural (Unflavoured),1,82,0.0122
lushprotein-clear-shaker|default,0724999807708|Taro,1,82,0.0122
lushprotein-lean-protein-40g-single-serve|Taro,lean-protein|Taro,20,44,0.4545
lushprotein-lean-protein-40g-single-serve|Taro,lean-protein|Thai Milk Tea,18,44,0.4091
lushprotein-lean-protein-40g-single-serve|Taro,clear-protein-25g-single-sachet|White Grape,5,44,0.1136
lushprotein-lean-protein-40g-single-serve|Taro,lushprotein-lean-protein-40g-single-serve|Thai Milk Tea,4,44,0.0909
lushprotein-lean-protein-40g-single-serve|Taro,clear-protein|Peach,4,44,0.0909
lushprotein-lean-protein-40g-single-serve|Taro,clear-protein-25g-single-sachet|Peach,4,44,0.0909
lushprotein-lean-protein-40g-single-serve|Taro,lushprotein-clear-shaker|White,4,44,0.0909
lushprotein-lean-protein-40g-single-serve|Taro,nan|default,4,44,0.0909
lushprotein-lean-protein-40g-single-serve|Taro,micronized-creatine-monohydrate|1 x 250g Pack (50 servings),3,44,0.0682
lushprotein-lean-protein-40g-single-serve|Taro,lushprotein-lean-protein-40g-single-serve|Taro,3,44,0.0682
lushprotein-lean-protein-40g-single-serve|Taro,discovery-sampler|6 Sachets Variety,1,44,0.0227
lushprotein-lean-protein-40g-single-serve|Taro,creatine-monohydrate-sachet|10 x 5g (10 servings) *Most Po,1,44,0.0227
lushprotein-lean-protein-40g-single-serve|Taro,lean-protein-peach-oolong-pre-order|Peach Oolong,1,44,0.0227
lushprotein-lean-protein-40g-single-serve|Taro,collagen-glow|1 x 300g pack (30 servings),1,44,0.0227
lushprotein-lean-protein-40g-single-serve|Taro,clear-protein|White Grape,1,44,0.0227
lushprotein-lean-protein-40g-single-serve|Thai Milk Tea,lean-protein|Thai Milk Tea,21,41,0.5122
lushprotein-lean-protein-40g-single-serve|Thai Milk Tea,lean-protein|Taro,12,41,0.2927
lushprotein-lean-protein-40g-single-serve|Thai Milk Tea,lushprotein-clear-shaker|White,6,41,0.1463
lushprotein-lean-protein-40g-single-serve|Thai Milk Tea,clear-protein-25g-single-sachet|White Grape,5,41,0.122
lushprotein-lean-protein-40g-single-serve|Thai Milk Tea,micronized-creatine-monohydrate|1 x 250g Pack (50 servings),5,41,0.122
lushprotein-lean-protein-40g-single-serve|Thai Milk Tea,nan|default,4,41,0.0976
lushprotein-lean-protein-40g-single-serve|Thai Milk Tea,lean-protein-peach-oolong-pre-order|Peach Oolong,4,41,0.0976
lushprotein-lean-protein-40g-single-serve|Thai Milk Tea,lushprotein-lean-protein-40g-single-serve|Thai Milk Tea,3,41,0.0732
lushprotein-lean-protein-40g-single-serve|Thai Milk Tea,clear-protein-25g-single-sachet|Peach,3,41,0.0732
lushprotein-lean-protein-40g-single-serve|Thai Milk Tea,clear-protein|Peach,3,41,0.0732
lushprotein-lean-protein-40g-single-serve|Thai Milk Tea,lushprotein-lean-protein-40g-single-serve|Taro,3,41,0.0732
lushprotein-lean-protein-40g-single-serve|Thai Milk Tea,clear-protein|White Grape,2,41,0.0488
lushprotein-lean-protein-40g-single-serve|Thai Milk Tea,discovery-sampler|6 Sachets Variety,1,41,0.0244
lushprotein-lean-protein-40g-single-serve|Thai Milk Tea,multivitamin-vegan|default,1,41,0.0244
lushprotein-lean-protein-40g-single-serve|Thai Milk Tea,collagen-glow|1 x 300g pack (30 servings),1,41,0.0244
lushprotein-lean-protein-40g-single-serve|Thai Milk Tea,discovery-sampler|5 Sachets Variety,1,41,0.0244
micronized-creatine-monohydrate|1 x 250g Pack (50 servings),micronized-creatine-monohydrate|1 x 250g Pack (50 servings),18,25,0.72
micronized-creatine-monohydrate|1 x 250g Pack (50 servings),lean-protein|Thai Milk Tea,4,25,0.16
micronized-creatine-monohydrate|1 x 250g Pack (50 servings),lean-protein-peach-oolong-pre-order|Peach Oolong,3,25,0.12
micronized-creatine-monohydrate|1 x 250g Pack (50 servings),nan|default,3,25,0.12
micronized-creatine-monohydrate|1 x 250g Pack (50 servings),lean-protein|Taro,2,25,0.08
micronized-creatine-monohydrate|1 x 250g Pack (50 servings),multivitamin-vegan|default,2,25,0.08
micronized-creatine-monohydrate|1 x 250g Pack (50 servings),lushprotein-clear-shaker|White,2,25,0.08
micronized-creatine-monohydrate|1 x 250g Pack (50 servings),super-omega-3|60 Softgels,1,25,0.04
micronized-creatine-monohydrate|1 x 250g Pack (50 servings),clear-protein|Peach,1,25,0.04
micronized-creatine-monohydrate|default,micronized-creatine-monohydrate|default,14,38,0.3684
micronized-creatine-monohydrate|default,better-whey|Cocoa Dinosaur,8,38,0.2105
micronized-creatine-monohydrate|default,collagen-glow|Unflavoured,4,38,0.1053
micronized-creatine-monohydrate|default,prime-whey-isolate|Cocoa Dinosaur,3,38,0.0789
micronized-creatine-monohydrate|default,lushprotein-clear-shaker|default,3,38,0.0789
micronized-creatine-monohydrate|default,collagen-glow|300g Pack (30 servings),3,38,0.0789
micronized-creatine-monohydrate|default,lean-protein|Taro,3,38,0.0789
micronized-creatine-monohydrate|default,lean-protein|Thai Milk Tea,3,38,0.0789
micronized-creatine-monohydrate|default,better-whey|Unflavoured,2,38,0.0526
micronized-creatine-monohydrate|default,soy-protein-isolate|Natural (Unflavoured),2,38,0.0526
micronized-creatine-monohydrate|default,better-whey|Matchawhey,2,38,0.0526
micronized-creatine-monohydrate|default,prime-whey-isolate|Natural (Unflavoured),2,38,0.0526
micronized-creatine-monohydrate|default,clear-protein|White Grape,2,38,0.0526
micronized-creatine-monohydrate|default,clear-protein|Peach,2,38,0.0526
micronized-creatine-monohydrate|default,pureburn-fat-burner-capsules|90 Tablets (90 servings),1,38,0.0263
micronized-creatine-monohydrate|default,lushprotein-clear-shaker|White,1,38,0.0263
micronized-creatine-monohydrate|default,micronized-creatine-monohydrate|1 x 250g Pack (50 servings),1,38,0.0263
micronized-creatine-monohydrate|default,better-whey|Natural (Unflavoured),1,38,0.0263
micronized-creatine-monohydrate|default,0724999807951|Mango,1,38,0.0263
micronized-creatine-monohydrate|default,multivitamin-vegan|default,1,38,0.0263
micronized-creatine-monohydrate|default,collagen-glow-10g-single-serve|7 x 10g Sachet (7 servings) *M,1,38,0.0263
micronized-creatine-monohydrate|default,creatine-monohydrate-sachet|10 x 5g (10 servings) *Most Po,1,38,0.0263
micronized-creatine-monohydrate|default,micronized-creatine-monohydrate|250g (50 servings),1,38,0.0263
micronized-creatine-monohydrate|default,micronized-creatine-monohydrate|250g (50 serves),1,38,0.0263
nan|default,nan|default,214,306,0.6993
nan|default,better-whey|Cocoa Dinosaur,18,306,0.0588
nan|default,lean-protein|Thai Milk Tea,12,306,0.0392
nan|default,collagen-glow|300g Pack,9,306,0.0294
nan|default,better-whey|Matchawhey,9,306,0.0294
nan|default,plant-protein|480g,7,306,0.0229
nan|default,clear-protein|Peach,6,306,0.0196
nan|default,prime-whey-isolate|1kg,5,306,0.0163
nan|default,better-whey|Natural (Unflavored),4,306,0.0131
nan|default,better-whey|Natural (Unflavoured),4,306,0.0131
nan|default,soy-protein-isolate|Natural (Unflavoured),3,306,0.0098
nan|default,lean-protein|Taro,3,306,0.0098
nan|default,plant-protein|Vanilla,3,306,0.0098
nan|default,clear-protein|White Grape,3,306,0.0098
nan|default,724999808910.0|Teh Tarik,3,306,0.0098
nan|default,lushprotein-clear-shaker|default,3,306,0.0098
nan|default,724999807913.0|Vanilla,3,306,0.0098
nan|default,724999808699.0|Belgian Choc,2,306,0.0065
nan|default,724999808705.0|Vanilla,2,306,0.0065
nan|default,green-tea-extract-capsules|60 Capsules (60 servings),2,306,0.0065
nan|default,0724999808361|default,2,306,0.0065
nan|default,micronized-creatine-monohydrate|default,2,306,0.0065
nan|default,micronized-creatine-monohydrate|1 x 250g Pack (50 servings),2,306,0.0065
nan|default,prime-whey-isolate|Natural (Unflavoured),2,306,0.0065
nan|default,0724999807876|Natural (Unflavoured),2,306,0.0065
nan|default,collagen-glow|300g Pack (30 servings),2,306,0.0065
nan|default,better-whey|Mango,2,306,0.0065
nan|default,better-whey|Vanilla,2,306,0.0065
nan|default,green-tea-extract-capsules|60 Capsules,2,306,0.0065
nan|default,0724999808903|Vanilla,2,306,0.0065
nan|default,pureburn-fat-burner-capsules|90 capsules,1,306,0.0033
nan|default,super-omega-3|60 Capsules,1,306,0.0033
nan|default,plant-protein|Cocoa Dinosaur,1,306,0.0033
nan|default,lushprotein-clear-shaker|White,1,306,0.0033
nan|default,collagen-glow|Natural (Unflavoured),1,306,0.0033
nan|default,super-omega-3|60 Softgels,1,306,0.0033
nan|default,multivitamin-vegan|90 Capsules (30 servings),1,306,0.0033
nan|default,super-omega-3|60 Softgels (60 servings),1,306,0.0033
nan|default,micronized-creatine-monohydrate|250g (50 servings),1,306,0.0033
nan|default,724999807876.0|Natural (Unflavoured),1,306,0.0033
nan|default,0724999807777|1kg,1,306,0.0033
nan|default,better-whey|Genmai-Roasted Brown Rice,1,306,0.0033
nan|default,better-whey|Vanilla (unsweetened),1,306,0.0033
nan|default,724999809146.0|500g (40 servings),1,306,0.0033
nan|default,724999808941.0|Matchawhey,1,306,0.0033
nan|default,0724999807913|Vanilla (unsweetened),1,306,0.0033
nan|default,724999808903.0|Vanilla,1,306,0.0033
nan|default,724999807913.0|Vanilla (Exp Nov23),1,306,0.0033
nan|default,0724999807913|Vanilla,1,306,0.0033
nan|default,prime-whey-isolate|Cocoa Dinosaur,1,306,0.0033
nan|default,0724999808934|Honeydew,1,306,0.0033
nan|default,creatine-monohydrate-sachet|10 x 5g (10 servings) *Most Po,1,306,0.0033
nan|default,lushprotein-lean-protein-40g-single-serve|Taro,1,306,0.0033
nan|default,collagen-glow|1 x 300g pack (30 servings),1,306,0.0033
plant-protein|Cocoa Dinosaur,plant-protein|Cocoa Dinosaur,18,38,0.4737
plant-protein|Cocoa Dinosaur,plant-protein|Vanilla,9,38,0.2368
plant-protein|Cocoa Dinosaur,nan|default,3,38,0.0789
plant-protein|Cocoa Dinosaur,collagen-glow|300g Pack (30 servings),3,38,0.0789
plant-protein|Cocoa Dinosaur,lean-protein|Thai Milk Tea,3,38,0.0789
plant-protein|Cocoa Dinosaur,micronized-creatine-monohydrate|default,3,38,0.0789
plant-protein|Cocoa Dinosaur,plant-protein|Natural (Unflavoured),2,38,0.0526
plant-protein|Cocoa Dinosaur,soy-protein-isolate|Natural (Unflavoured),2,38,0.0526
plant-protein|Cocoa Dinosaur,better-whey|Cocoa Dinosaur,2,38,0.0526
plant-protein|Cocoa Dinosaur,better-whey|Matchawhey,2,38,0.0526
plant-protein|Cocoa Dinosaur,lushprotein-clear-shaker|default,2,38,0.0526
plant-protein|Cocoa Dinosaur,green-tea-extract-capsules|60 Capsules (60 servings),1,38,0.0263
plant-protein|Cocoa Dinosaur,clear-protein|Peach,1,38,0.0263
plant-protein|Cocoa Dinosaur,better-whey|Genmai-Roasted Brown Rice,1,38,0.0263
plant-protein|Cocoa Dinosaur,collagen-glow|300g,1,38,0.0263
plant-protein|Cocoa Dinosaur,micronized-creatine-monohydrate|250g (50 servings),1,38,0.0263
plant-protein|Cocoa Dinosaur,lean-protein|Taro,1,38,0.0263
plant-protein|Cocoa Dinosaur,collagen-glow|1 x 300g pack (30 servings),1,38,0.0263
plant-protein|Cocoa Dinosaur,lushprotein-clear-shaker|White,1,38,0.0263
plant-protein|Cocoa Dinosaur,soy-protein-isolate|Unflavoured,1,38,0.0263
plant-protein|Natural (Unflavoured),plant-protein|Natural (Unflavoured),7,11,0.6364
plant-protein|Natural (Unflavoured),plant-protein|Cocoa Dinosaur,2,11,0.1818
plant-protein|Natural (Unflavoured),lean-protein|Thai Milk Tea,2,11,0.1818
plant-protein|Natural (Unflavoured),collagen-glow|300g Pack (30 servings),1,11,0.0909
plant-protein|Natural (Unflavoured),pureburn-fat-burner-capsules|90 Tablets (90 servings),1,11,0.0909
plant-protein|Natural (Unflavoured),collagen-glow|Natural (Unflavoured),1,11,0.0909
plant-protein|Natural (Unflavoured),lushprotein-clear-shaker|default,1,11,0.0909
plant-protein|Natural (Unflavoured),plant-protein|Vanilla,1,11,0.0909
plant-protein|Natural (Unflavoured),micronized-creatine-monohydrate|default,1,11,0.0909
plant-protein|Natural (Unflavoured),lean-protein|Taro,1,11,0.0909
plant-protein|Natural (Unflavoured),multivitamin-vegan|default,1,11,0.0909
plant-protein|Vanilla,plant-protein|Vanilla,12,23,0.5217
plant-protein|Vanilla,plant-protein|Cocoa Dinosaur,5,23,0.2174
plant-protein|Vanilla,lushprotein-clear-shaker|default,4,23,0.1739
plant-protein|Vanilla,nan|default,2,23,0.087
plant-protein|Vanilla,lean-protein|Thai Milk Tea,2,23,0.087
plant-protein|Vanilla,soy-protein-isolate|Natural (Unflavoured),2,23,0.087
plant-protein|Vanilla,clear-protein|Peach,2,23,0.087
plant-protein|Vanilla,micronized-creatine-monohydrate|default,2,23,0.087
plant-protein|Vanilla,lushprotein-clear-shaker|White,2,23,0.087
plant-protein|Vanilla,lushprotein-lean-protein-40g-single-serve|Thai Milk Tea,2,23,0.087
plant-protein|Vanilla,micronized-creatine-monohydrate|1 x 250g Pack (50 servings),2,23,0.087
plant-protein|Vanilla,soy-protein-isolate|Unflavoured,2,23,0.087
plant-protein|Vanilla,0724999808361|default,1,23,0.0435
plant-protein|Vanilla,prime-whey-isolate|Cocoa Dinosaur,1,23,0.0435
plant-protein|Vanilla,better-whey|Cocoa Dinosaur,1,23,0.0435
plant-protein|Vanilla,collagen-glow|Natural (Unflavoured),1,23,0.0435
plant-protein|Vanilla,0724999807951|Mango,1,23,0.0435
plant-protein|Vanilla,micronized-creatine-monohydrate|250g (50 servings),1,23,0.0435
plant-protein|Vanilla,lushprotein-lean-protein-40g-single-serve|Taro,1,23,0.0435
plant-protein|Vanilla,lean-protein|Taro,1,23,0.0435
prime-whey-isolate|1kg,prime-whey-isolate|1kg,9,20,0.45
prime-whey-isolate|1kg,lushprotein-clear-shaker|default,3,20,0.15
prime-whey-isolate|1kg,prime-whey-isolate|Cocoa Dinosaur,2,20,0.1
prime-whey-isolate|1kg,prime-whey-isolate|Natural (Unflavoured),2,20,0.1
prime-whey-isolate|1kg,soy-protein-isolate|Natural (Unflavoured),2,20,0.1
prime-whey-isolate|1kg,prime-whey-isolate|Matchawhey,1,20,0.05
prime-whey-isolate|1kg,724999807777.0|1kg,1,20,0.05
prime-whey-isolate|1kg,better-whey|Natural (Unflavored),1,20,0.05
prime-whey-isolate|1kg,clear-protein|Peach,1,20,0.05
prime-whey-isolate|1kg,clear-protein|White Grape,1,20,0.05
prime-whey-isolate|1kg,pureburn-fat-burner-capsules|90 capsules,1,20,0.05
prime-whey-isolate|1kg,collagen-glow|300g Pack,1,20,0.05
prime-whey-isolate|1kg,micronized-creatine-monohydrate|default,1,20,0.05
prime-whey-isolate|1kg,724999807876.0|Natural (Unflavoured),1,20,0.05
prime-whey-isolate|1kg,724999807913.0|Vanilla (Exp. Nov23),1,20,0.05
prime-whey-isolate|Cocoa Dinosaur,prime-whey-isolate|Cocoa Dinosaur,8,15,0.5333
prime-whey-isolate|Cocoa Dinosaur,nan|default,2,15,0.1333
prime-whey-isolate|Cocoa Dinosaur,better-whey|Natural (Unflavoured),2,15,0.1333
prime-whey-isolate|Cocoa Dinosaur,lushprotein-clear-shaker|default,2,15,0.1333
prime-whey-isolate|Cocoa Dinosaur,clear-protein|White Grape,1,15,0.0667
prime-whey-isolate|Cocoa Dinosaur,0724999807913|Vanilla,1,15,0.0667
prime-whey-isolate|Cocoa Dinosaur,collagen-glow|Natural (Unflavoured),1,15,0.0667
prime-whey-isolate|Cocoa Dinosaur,micronized-creatine-monohydrate|default,1,15,0.0667
prime-whey-isolate|Cocoa Dinosaur,green-tea-extract-capsules|60 Capsules (60 servings),1,15,0.0667
prime-whey-isolate|Cocoa Dinosaur,better-whey|Cocoa Dinosaur,1,15,0.0667
prime-whey-isolate|Natural (Unflavoured),prime-whey-isolate|Natural (Unflavoured),11,17,0.6471
prime-whey-isolate|Natural (Unflavoured),prime-whey-isolate|Cocoa Dinosaur,2,17,0.1176
prime-whey-isolate|Natural (Unflavoured),collagen-glow|300g Pack (30 servings),2,17,0.1176
prime-whey-isolate|Natural (Unflavoured),nan|default,1,17,0.0588
prime-whey-isolate|Natural (Unflavoured),better-whey|Natural (Unflavoured),1,17,0.0588
prime-whey-isolate|Natural (Unflavoured),better-whey|Cocoa Dinosaur,1,17,0.0588
prime-whey-isolate|Natural (Unflavoured),soy-protein-isolate|Natural (Unflavoured),1,17,0.0588
prime-whey-isolate|Natural (Unflavoured),better-whey|Matchawhey,1,17,0.0588
prime-whey-isolate|Natural (Unflavoured),lushprotein-clear-shaker|default,1,17,0.0588
prime-whey-isolate|Natural (Unflavoured),0724999807876|Natural (Unflavoured),1,17,0.0588
prime-whey-isolate|Natural (Unflavoured),micronized-creatine-monohydrate|default,1,17,0.0588
prime-whey-isolate|Natural (Unflavoured),pureburn-fat-burner-capsules|90 Capsules (90 servings),1,17,0.0588
soy-protein-isolate|Natural (Unflavoured),soy-protein-isolate|Natural (Unflavoured),15,39,0.3846
soy-protein-isolate|Natural (Unflavoured),nan|default,5,39,0.1282
soy-protein-isolate|Natural (Unflavoured),soy-protein-isolate|Unflavoured,5,39,0.1282
soy-protein-isolate|Natural (Unflavoured),plant-protein|Cocoa Dinosaur,3,39,0.0769
soy-protein-isolate|Natural (Unflavoured),green-tea-extract-capsules|60 Capsules (60 servings),3,39,0.0769
soy-protein-isolate|Natural (Unflavoured),lean-protein|Thai Milk Tea,3,39,0.0769
soy-protein-isolate|Natural (Unflavoured),lushprotein-clear-shaker|default,3,39,0.0769
soy-protein-isolate|Natural (Unflavoured),collagen-glow|Unflavoured,3,39,0.0769
soy-protein-isolate|Natural (Unflavoured),better-whey|Matchawhey,2,39,0.0513
soy-protein-isolate|Natural (Unflavoured),micronized-creatine-monohydrate|default,2,39,0.0513
soy-protein-isolate|Natural (Unflavoured),collagen-glow|Natural (Unflavoured),2,39,0.0513
soy-protein-isolate|Natural (Unflavoured),collagen-glow|300g Pack (30 servings),1,39,0.0256
soy-protein-isolate|Natural (Unflavoured),0724999808705|Vanilla,1,39,0.0256
soy-protein-isolate|Natural (Unflavoured),better-whey|Genmai-Roasted Brown Rice,1,39,0.0256
soy-protein-isolate|Natural (Unflavoured),clear-protein|Peach,1,39,0.0256
soy-protein-isolate|Natural (Unflavoured),pureburn-fat-burner-capsules|90 Tablets,1,39,0.0256
soy-protein-isolate|Natural (Unflavoured),better-whey|Unflavoured,1,39,0.0256
soy-protein-isolate|Natural (Unflavoured),plant-protein|Natural (Unflavoured),1,39,0.0256
soy-protein-isolate|Natural (Unflavoured),prime-whey-isolate|Natural (Unflavoured),1,39,0.0256
soy-protein-isolate|Natural (Unflavoured),collagen-glow|300g Pack,1,39,0.0256
soy-protein-isolate|Natural (Unflavoured),better-whey|Cocoa Dinosaur,1,39,0.0256
soy-protein-isolate|Natural (Unflavoured),clear-protein|White Grape,1,39,0.0256
soy-protein-isolate|Natural (Unflavoured),plant-protein|Vanilla,1,39,0.0256
soy-protein-isolate|Natural (Unflavoured),0724999809566|default,1,39,0.0256
soy-protein-isolate|Natural (Unflavoured),better-whey|Natural (Unflavoured),1,39,0.0256
soy-protein-isolate|Natural (Unflavoured),collagen-glow|300g,1,39,0.0256
soy-protein-isolate|Natural (Unflavoured),lean-protein|Taro,1,39,0.0256
soy-protein-isolate|Natural (Unflavoured),0724999807708|Taro,1,39,0.0256
soy-protein-isolate|Unflavoured,soy-protein-isolate|Unflavoured,9,18,0.5
soy-protein-isolate|Unflavoured,lushprotein-clear-shaker|White,4,18,0.2222
soy-protein-isolate|Unflavoured,micronized-creatine-monohydrate|1 x 250g Pack (50 servings),2,18,0.1111
soy-protein-isolate|Unflavoured,0724999810463|Thai Milk Tea,1,18,0.0556
soy-protein-isolate|Unflavoured,micronized-creatine-monohydrate|250g (50 servings),1,18,0.0556
soy-protein-isolate|Unflavoured,pureburn-fat-burner-capsules|90 Tablets,1,18,0.0556
soy-protein-isolate|Unflavoured,nan|default,1,18,0.0556
soy-protein-isolate|Unflavoured,collagen-glow|1 x 300g pack (30 servings),1,18,0.0556
soy-protein-isolate|Unflavoured,plant-protein|Vanilla,1,18,0.0556
soy-protein-isolate|Unflavoured,clear-protein-25g-single-sachet|Peach,1,18,0.0556
soy-protein-isolate|Unflavoured,clear-protein-25g-single-sachet|White Grape,1,18,0.0556
