antecedent,consequent,co_customers,antecedent_first_customers,consequent_base_rate,next_order_confidence,next_order_lift,level,repeat_customers_analyzed
Soy Protein,Soy Protein,91,143,0.06307895897662108,0.6363636363636364,10.08836617927527,category,2267
Collagen Glow,Collagen Glow,209,312,0.14027348919276578,0.6698717948717948,4.775469682309304,category,2267
Lean Protein,Lean Protein,371,541,0.25893250992501105,0.6857670979667283,2.648439541891947,category,2267
Clear Protein,Clear Protein,365,621,0.22761358623731803,0.5877616747181964,2.582278520515797,category,2267
Accessories,Accessories,92,434,0.12483458314953683,0.2119815668202765,1.6980996889808015,category,2267
Clear Protein,Accessories,121,621,0.12483458314953683,0.19484702093397746,1.5608416835947947,category,2267
Other,Other,960,1198,0.5152183502426114,0.8013355592654424,1.5553319459372927,category,2267
Accessories,Lean Protein,157,434,0.25893250992501105,0.3617511520737327,1.397086646935523,category,2267
Accessories,Clear Protein,133,434,0.22761358623731803,0.3064516129032258,1.34636784196049,category,2267
Lean Protein,Accessories,86,541,0.12483458314953683,0.1589648798521257,1.2734041788861095,category,2267
Clear Protein,Lean Protein,196,621,0.25893250992501105,0.31561996779388085,1.218927541718446,category,2267
Lean Protein,Clear Protein,135,541,0.22761358623731803,0.24953789279112754,1.0963224863517174,category,2267
Soy Protein,Accessories,18,143,0.12483458314953683,0.1258741258741259,1.0083273616842523,category,2267
Other,Soy Protein,65,1198,0.06307895897662108,0.05425709515859766,0.8601456973744119,category,2267
Accessories,Collagen Glow,52,434,0.14027348919276578,0.11981566820276497,0.8541576094832333,category,2267
Accessories,Soy Protein,23,434,0.06307895897662108,0.052995391705069124,0.8401437272405015,category,2267
Accessories,Other,177,434,0.5152183502426114,0.4078341013824885,0.7915752635565936,category,2267
Collagen Glow,Accessories,30,312,0.12483458314953683,0.09615384615384616,0.7702500679532482,category,2267
Collagen Glow,Soy Protein,15,312,0.06307895897662108,0.04807692307692308,0.7621705217859065,category,2267
Other,Accessories,113,1198,0.12483458314953683,0.09432387312186978,0.7555908846900311,category,2267
Soy Protein,Collagen Glow,15,143,0.14027348919276578,0.1048951048951049,0.7477899459031534,category,2267
Other,Collagen Glow,120,1198,0.14027348919276578,0.1001669449081803,0.7140832204617759,category,2267
Collagen Glow,Other,114,312,0.5152183502426114,0.36538461538461536,0.7091840094836669,category,2267
Soy Protein,Other,51,143,0.5152183502426114,0.35664335664335667,0.6922178848548711,category,2267
Clear Protein,Collagen Glow,60,621,0.14027348919276578,0.0966183574879227,0.6887855862425181,category,2267
Collagen Glow,Clear Protein,46,312,0.22761358623731803,0.14743589743589744,0.6477464718743788,category,2267
Lean Protein,Collagen Glow,46,541,0.14027348919276578,0.08502772643253234,0.6061567793161975,category,2267
Other,Lean Protein,174,1198,0.25893250992501105,0.14524207011686144,0.5609263593780662,category,2267
Clear Protein,Other,176,621,0.5152183502426114,0.2834138486312399,0.5500849270950521,category,2267
Lean Protein,Other,152,541,0.5152183502426114,0.2809611829944547,0.5453244878839287,category,2267
Collagen Glow,Lean Protein,40,312,0.25893250992501105,0.1282051282051282,0.49512951557244567,category,2267
Other,Clear Protein,131,1198,0.22761358623731803,0.10934891485809682,0.48041470926997193,category,2267
Clear Protein,Soy Protein,16,621,0.06307895897662108,0.02576489533011272,0.4084546693242346,category,2267
better-whey-protein-elite,better-whey-protein-elite,28,45,0.025191183085919926,0.6222222222222222,24.700000000000003,handle,2223
prime-whey-isolate,prime-whey-isolate,96,150,0.05713000449842555,0.64,11.202519685039372,handle,2223
soy-protein-isolate,soy-protein-isolate,91,143,0.06477732793522267,0.6363636363636364,9.823863636363637,handle,2223
plant-protein,plant-protein,144,206,0.08906882591093117,0.6990291262135923,7.84819064430715,handle,2223
lushprotein-lean-protein-40g-single-serve,lushprotein-lean-protein-40g-single-serve,22,121,0.03418803418803419,0.18181818181818182,5.3181818181818175,handle,2223
collagen-glow,collagen-glow,209,302,0.14080071974808817,0.6920529801324503,4.9151238812601825,handle,2223
micronized-creatine-monohydrate,micronized-creatine-monohydrate,104,194,0.11246063877642826,0.5360824742268041,4.766845360824742,handle,2223
better-whey,better-whey,393,559,0.21592442645074225,0.7030411449016101,3.2559593023255813,handle,2223
lushprotein-lean-protein-40g-single-serve,lean-protein,82,121,0.22807017543859648,0.6776859504132231,2.971392244119517,handle,2223
clear-protein,discovery-sampler,19,552,0.012145748987854251,0.034420289855072464,2.8339371980676327,handle,2223
clear-protein,clear-protein,323,552,0.206927575348628,0.5851449275362319,2.8277764650283554,handle,2223
lean-protein,lean-protein,262,417,0.22807017543859648,0.6282973621103117,2.754842280022136,handle,2223
lushprotein-clear-shaker,clear-protein-25g-single-sachet,28,425,0.03013945119208277,0.06588235294117648,2.1859174714661984,handle,2223
lean-protein,clear-protein-25g-single-sachet,25,417,0.03013945119208277,0.05995203836930456,1.9891549447009558,handle,2223
clear-protein-25g-single-sachet,lean-protein,30,67,0.22807017543859648,0.44776119402985076,1.9632606199770382,handle,2223
clear-protein,clear-protein-25g-single-sachet,29,552,0.03013945119208277,0.05253623188405797,1.743105126541207,handle,2223
lushprotein-clear-shaker,lushprotein-lean-protein-40g-single-serve,25,425,0.03418803418803419,0.058823529411764705,1.7205882352941175,handle,2223
lushprotein-clear-shaker,lushprotein-clear-shaker,93,425,0.1273054430949168,0.2188235294117647,1.718885886510081,handle,2223
lean-protein,lushprotein-lean-protein-40g-single-serve,24,417,0.03418803418803419,0.05755395683453238,1.683453237410072,handle,2223
clear-protein-25g-single-sachet,clear-protein,23,67,0.206927575348628,0.34328358208955223,1.658955223880597,handle,2223
clear-protein,lushprotein-lean-protein-40g-single-serve,31,552,0.03418803418803419,0.05615942028985507,1.6426630434782608,handle,2223
clear-protein,lushprotein-clear-shaker,113,552,0.1273054430949168,0.20471014492753623,1.6080235059148869,handle,2223
lushprotein-clear-shaker,lean-protein,132,425,0.22807017543859648,0.31058823529411766,1.3618099547511313,handle,2223
lean-protein,lushprotein-clear-shaker,72,417,0.1273054430949168,0.17266187050359713,1.356280346747337,handle,2223
lushprotein-clear-shaker,clear-protein,113,425,0.206927575348628,0.26588235294117646,1.2849053708439897,handle,2223
plant-protein,soy-protein-isolate,17,206,0.06477732793522267,0.0825242718446602,1.2739684466019419,handle,2223
soy-protein-isolate,plant-protein,15,143,0.08906882591093117,0.1048951048951049,1.1776859504132233,handle,2223
lushprotein-lean-protein-40g-single-serve,lushprotein-clear-shaker,18,121,0.1273054430949168,0.1487603305785124,1.1685307946149577,handle,2223
lean-protein,clear-protein,96,417,0.206927575348628,0.2302158273381295,1.112543009071004,handle,2223
lushprotein-clear-shaker,micronized-creatine-monohydrate,51,425,0.11246063877642826,0.12,1.06704,handle,2223
lean-protein,micronized-creatine-monohydrate,50,417,0.11246063877642826,0.11990407673860912,1.0661870503597122,handle,2223
micronized-creatine-monohydrate,collagen-glow,29,194,0.14080071974808817,0.14948453608247422,1.0616745166496493,handle,2223
soy-protein-isolate,micronized-creatine-monohydrate,16,143,0.11246063877642826,0.11188811188811189,0.9949090909090909,handle,2223
clear-protein,lean-protein,125,552,0.22807017543859648,0.22644927536231885,0.9928929765886289,handle,2223
soy-protein-isolate,lushprotein-clear-shaker,18,143,0.1273054430949168,0.1258741258741259,0.9887568262126566,handle,2223
collagen-glow,micronized-creatine-monohydrate,32,302,0.11246063877642826,0.10596026490066225,0.9421986754966887,handle,2223
clear-protein,micronized-creatine-monohydrate,57,552,0.11246063877642826,0.10326086956521739,0.918195652173913,handle,2223
lushprotein-clear-shaker,prime-whey-isolate,22,425,0.05713000449842555,0.05176470588235294,0.9060861509958315,handle,2223
prime-whey-isolate,better-whey,29,150,0.21592442645074225,0.19333333333333333,0.8953749999999999,handle,2223
micronized-creatine-monohydrate,lushprotein-clear-shaker,22,194,0.1273054430949168,0.1134020618556701,0.8907872208662707,handle,2223
lushprotein-clear-shaker,soy-protein-isolate,24,425,0.06477732793522267,0.05647058823529412,0.871764705882353,handle,2223
micronized-creatine-monohydrate,lean-protein,38,194,0.22807017543859648,0.1958762886597938,0.858842188739096,handle,2223
collagen-glow,plant-protein,23,302,0.08906882591093117,0.076158940397351,0.855057194461168,handle,2223
lushprotein-clear-shaker,collagen-glow,51,425,0.14080071974808817,0.12,0.8522683706070288,handle,2223
micronized-creatine-monohydrate,clear-protein,34,194,0.206927575348628,0.17525773195876287,0.8469520394441953,handle,2223
plant-protein,collagen-glow,24,206,0.14080071974808817,0.11650485436893204,0.8274450200068241,handle,2223
plant-protein,micronized-creatine-monohydrate,19,206,0.11246063877642826,0.09223300970873786,0.820135922330097,handle,2223
better-whey,micronized-creatine-monohydrate,51,559,0.11246063877642826,0.09123434704830054,0.8112558139534883,handle,2223
better-whey,soy-protein-isolate,29,559,0.06477732793522267,0.0518783542039356,0.8008720930232558,handle,2223
plant-protein,lushprotein-clear-shaker,21,206,0.1273054430949168,0.10194174757281553,0.8007650348210915,handle,2223
collagen-glow,soy-protein-isolate,15,302,0.06477732793522267,0.04966887417218543,0.7667632450331126,handle,2223
clear-protein,collagen-glow,57,552,0.14080071974808817,0.10326086956521739,0.7333831087651063,handle,2223
collagen-glow,lushprotein-clear-shaker,28,302,0.1273054430949168,0.09271523178807947,0.7282896122434652,handle,2223
collagen-glow,clear-protein,45,302,0.206927575348628,0.1490066225165563,0.720090699683271,handle,2223
lean-protein,collagen-glow,42,417,0.14080071974808817,0.10071942446043165,0.7153331647780817,handle,2223
better-whey,collagen-glow,55,559,0.14080071974808817,0.09838998211091235,0.6987889144810164,handle,2223
micronized-creatine-monohydrate,better-whey,27,194,0.21592442645074225,0.13917525773195877,0.644555412371134,handle,2223
better-whey,plant-protein,31,559,0.08906882591093117,0.055456171735241505,0.6226215644820297,handle,2223
lushprotein-lean-protein-40g-single-serve,clear-protein,15,121,0.206927575348628,0.12396694214876033,0.5990837226015091,handle,2223
better-whey,prime-whey-isolate,19,559,0.05713000449842555,0.03398926654740608,0.5949459805896357,handle,2223
better-whey,lushprotein-clear-shaker,42,559,0.1273054430949168,0.07513416815742398,0.5901881830881749,handle,2223
collagen-glow,better-whey,37,302,0.21592442645074225,0.12251655629139073,0.5674048013245033,handle,2223
lushprotein-clear-shaker,better-whey,49,425,0.21592442645074225,0.11529411764705882,0.5339558823529411,handle,2223
lushprotein-clear-shaker,plant-protein,20,425,0.08906882591093117,0.047058823529411764,0.5283422459893048,handle,2223
soy-protein-isolate,better-whey,16,143,0.21592442645074225,0.11188811188811189,0.5181818181818182,handle,2223
plant-protein,better-whey,23,206,0.21592442645074225,0.11165048543689321,0.5170813106796116,handle,2223
better-whey,clear-protein,53,559,0.206927575348628,0.09481216457960644,0.4581900910010111,handle,2223
collagen-glow,lean-protein,31,302,0.22807017543859648,0.10264900662251655,0.4500764136525726,handle,2223
clear-protein,soy-protein-isolate,16,552,0.06477732793522267,0.028985507246376812,0.447463768115942,handle,2223
better-whey,lean-protein,54,559,0.22807017543859648,0.09660107334525939,0.42355855235998346,handle,2223
lean-protein,plant-protein,15,417,0.08906882591093117,0.03597122302158273,0.4038587311968607,handle,2223
plant-protein,lean-protein,18,206,0.22807017543859648,0.08737864077669903,0.3831217326362958,handle,2223
plant-protein,clear-protein,16,206,0.206927575348628,0.07766990291262135,0.37534824820599405,handle,2223
clear-protein,plant-protein,17,552,0.08906882591093117,0.030797101449275364,0.3457674571805007,handle,2223
clear-protein,better-whey,39,552,0.21592442645074225,0.07065217391304347,0.32720788043478255,handle,2223
lean-protein,better-whey,20,417,0.21592442645074225,0.047961630695443645,0.22212230215827336,handle,2223
