customer_id,p1_revenue,p2_revenue,revenue_change
6970579321087,64.8,569.61,504.81
7755980079359,65.27272727272728,528.540606060606,463.2678787878788
7756376408319,48.151515151515156,436.0909090909091,387.939393939394
7756048204031,5.757575757575758,390.84969696969694,385.0921212121212
7756396036351,41.339393939393936,386.1212121212122,344.78181818181827
6327514235135,26.89,309.38,282.49
7756092670207,51.64242424242424,329.5557575757576,277.91333333333336
7756381683967,60.27272727272727,325.58181818181816,265.3090909090909
7756357763327,64.34545454545454,294.6212121212121,230.27575757575758
